frame.time_relative,frame.len,eth.src,eth.dst,ip.src,ip.dst,ip.proto,tcp.srcport,tcp.dstport,tcp.flags,tcp.flags.syn,tcp.flags.ack,tcp.flags.fin,tcp.flags.reset,udp.srcport,udp.dstport,icmp.type
"0.000000000","42","ba:2f:aa:17:a7:07","22:2d:b4:49:12:da",,,,,,,,,,,,,
"0.000006000","42","ba:2f:aa:17:a7:07","ea:3c:a9:1a:42:cc",,,,,,,,,,,,,
"0.016778000","42","22:2d:b4:49:12:da","ba:2f:aa:17:a7:07",,,,,,,,,,,,,
"0.016778000","42","ea:3c:a9:1a:42:cc","ba:2f:aa:17:a7:07",,,,,,,,,,,,,
"13.908412000","40","00:00:40:06:66:cc","45:00:00:28:00:01",,,,,,,,,,,,,
"13.908415000","40","00:00:40:06:66:cc","45:00:00:28:00:01",,,,,,,,,,,,,
"13.908416000","40","00:00:40:06:66:cc","45:00:00:28:00:01",,,,,,,,,,,,,
"13.908416000","40","00:00:40:06:66:cc","45:00:00:28:00:01",,,,,,,,,,,,,
"13.908417000","40","00:00:40:06:66:cc","45:00:00:28:00:01",,,,,,,,,,,,,
"13.908417000","40","00:00:40:06:66:cc","45:00:00:28:00:01",,,,,,,,,,,,,
"13.908418000","40","00:00:40:06:66:cc","45:00:00:28:00:01",,,,,,,,,,,,,
"13.908418000","40","00:00:40:06:66:cc","45:00:00:28:00:01",,,,,,,,,,,,,
"13.908419000","40","00:00:40:06:66:cc","45:00:00:28:00:01",,,,,,,,,,,,,
"13.908419000","40","00:00:40:06:66:cc","45:00:00:28:00:01",,,,,,,,,,,,,
"13.908420000","40","00:00:40:06:66:cc","45:00:00:28:00:01",,,,,,,,,,,,,
"13.908420000","40","00:00:40:06:66:cc","45:00:00:28:00:01",,,,,,,,,,,,,
"13.908421000","40","00:00:40:06:66:cc","45:00:00:28:00:01",,,,,,,,,,,,,
"13.908421000","40","00:00:40:06:66:cc","45:00:00:28:00:01",,,,,,,,,,,,,
"13.908422000","40","00:00:40:06:66:cc","45:00:00:28:00:01",,,,,,,,,,,,,
"13.908422000","40","00:00:40:06:66:cc","45:00:00:28:00:01",,,,,,,,,,,,,
"13.908423000","40","00:00:40:06:66:cc","45:00:00:28:00:01",,,,,,,,,,,,,
"13.908423000","40","00:00:40:06:66:cc","45:00:00:28:00:01",,,,,,,,,,,,,
"13.908424000","40","00:00:40:06:66:cc","45:00:00:28:00:01",,,,,,,,,,,,,
"13.908424000","40","00:00:40:06:66:cc","45:00:00:28:00:01",,,,,,,,,,,,,
"13.908424000","40","00:00:40:06:66:cc","45:00:00:28:00:01",,,,,,,,,,,,,
"13.908425000","40","00:00:40:06:66:cc","45:00:00:28:00:01",,,,,,,,,,,,,
"13.908425000","40","00:00:40:06:66:cc","45:00:00:28:00:01",,,,,,,,,,,,,
"13.908426000","40","00:00:40:06:66:cc","45:00:00:28:00:01",,,,,,,,,,,,,
"13.908426000","40","00:00:40:06:66:cc","45:00:00:28:00:01",,,,,,,,,,,,,
"13.908427000","40","00:00:40:06:66:cc","45:00:00:28:00:01",,,,,,,,,,,,,
"13.908427000","40","00:00:40:06:66:cc","45:00:00:28:00:01",,,,,,,,,,,,,
"13.908428000","40","00:00:40:06:66:cc","45:00:00:28:00:01",,,,,,,,,,,,,
"13.908428000","40","00:00:40:06:66:cc","45:00:00:28:00:01",,,,,,,,,,,,,
"13.908428000","40","00:00:40:06:66:cc","45:00:00:28:00:01",,,,,,,,,,,,,
"13.908429000","40","00:00:40:06:66:cc","45:00:00:28:00:01",,,,,,,,,,,,,
"13.908429000","40","00:00:40:06:66:cc","45:00:00:28:00:01",,,,,,,,,,,,,
"13.908430000","40","00:00:40:06:66:cc","45:00:00:28:00:01",,,,,,,,,,,,,
"13.908430000","40","00:00:40:06:66:cc","45:00:00:28:00:01",,,,,,,,,,,,,
"13.908431000","40","00:00:40:06:66:cc","45:00:00:28:00:01",,,,,,,,,,,,,
"13.908431000","40","00:00:40:06:66:cc","45:00:00:28:00:01",,,,,,,,,,,,,
"13.908432000","40","00:00:40:06:66:cc","45:00:00:28:00:01",,,,,,,,,,,,,
"13.908432000","40","00:00:40:06:66:cc","45:00:00:28:00:01",,,,,,,,,,,,,
"13.908433000","40","00:00:40:06:66:cc","45:00:00:28:00:01",,,,,,,,,,,,,
"13.908433000","40","00:00:40:06:66:cc","45:00:00:28:00:01",,,,,,,,,,,,,
"13.908434000","40","00:00:40:06:66:cc","45:00:00:28:00:01",,,,,,,,,,,,,
"13.908604000","40","00:00:40:06:66:cc","45:00:00:28:00:01",,,,,,,,,,,,,
"13.908605000","40","00:00:40:06:66:cc","45:00:00:28:00:01",,,,,,,,,,,,,
"13.908606000","40","00:00:40:06:66:cc","45:00:00:28:00:01",,,,,,,,,,,,,
"13.908606000","40","00:00:40:06:66:cc","45:00:00:28:00:01",,,,,,,,,,,,,
"13.908607000","40","00:00:40:06:66:cc","45:00:00:28:00:01",,,,,,,,,,,,,
"13.908607000","40","00:00:40:06:66:cc","45:00:00:28:00:01",,,,,,,,,,,,,
"13.909905000","40","00:00:40:06:66:cc","45:00:00:28:00:01",,,,,,,,,,,,,
"13.909907000","40","00:00:40:06:66:cc","45:00:00:28:00:01",,,,,,,,,,,,,
"13.909908000","40","00:00:40:06:66:cc","45:00:00:28:00:01",,,,,,,,,,,,,
"13.909908000","40","00:00:40:06:66:cc","45:00:00:28:00:01",,,,,,,,,,,,,
"13.909909000","40","00:00:40:06:66:cc","45:00:00:28:00:01",,,,,,,,,,,,,
"13.909909000","40","00:00:40:06:66:cc","45:00:00:28:00:01",,,,,,,,,,,,,
"13.909910000","40","00:00:40:06:66:cc","45:00:00:28:00:01",,,,,,,,,,,,,
"13.909910000","40","00:00:40:06:66:cc","45:00:00:28:00:01",,,,,,,,,,,,,
"13.909911000","40","00:00:40:06:66:cc","45:00:00:28:00:01",,,,,,,,,,,,,
"13.909911000","40","00:00:40:06:66:cc","45:00:00:28:00:01",,,,,,,,,,,,,
"13.909912000","40","00:00:40:06:66:cc","45:00:00:28:00:01",,,,,,,,,,,,,
"13.909912000","40","00:00:40:06:66:cc","45:00:00:28:00:01",,,,,,,,,,,,,
"13.909913000","40","00:00:40:06:66:cc","45:00:00:28:00:01",,,,,,,,,,,,,
"13.909913000","40","00:00:40:06:66:cc","45:00:00:28:00:01",,,,,,,,,,,,,
"13.909914000","40","00:00:40:06:66:cc","45:00:00:28:00:01",,,,,,,,,,,,,
"13.909914000","40","00:00:40:06:66:cc","45:00:00:28:00:01",,,,,,,,,,,,,
"13.909915000","40","00:00:40:06:66:cc","45:00:00:28:00:01",,,,,,,,,,,,,
"13.909916000","40","00:00:40:06:66:cc","45:00:00:28:00:01",,,,,,,,,,,,,
"13.909916000","40","00:00:40:06:66:cc","45:00:00:28:00:01",,,,,,,,,,,,,
"13.909917000","40","00:00:40:06:66:cc","45:00:00:28:00:01",,,,,,,,,,,,,
"13.909917000","40","00:00:40:06:66:cc","45:00:00:28:00:01",,,,,,,,,,,,,
"13.909917000","40","00:00:40:06:66:cc","45:00:00:28:00:01",,,,,,,,,,,,,
"13.909918000","40","00:00:40:06:66:cc","45:00:00:28:00:01",,,,,,,,,,,,,
"13.909918000","40","00:00:40:06:66:cc","45:00:00:28:00:01",,,,,,,,,,,,,
"13.909919000","40","00:00:40:06:66:cc","45:00:00:28:00:01",,,,,,,,,,,,,
"13.909919000","40","00:00:40:06:66:cc","45:00:00:28:00:01",,,,,,,,,,,,,
"13.909920000","40","00:00:40:06:66:cc","45:00:00:28:00:01",,,,,,,,,,,,,
"13.909920000","40","00:00:40:06:66:cc","45:00:00:28:00:01",,,,,,,,,,,,,
"13.909920000","40","00:00:40:06:66:cc","45:00:00:28:00:01",,,,,,,,,,,,,
"13.909921000","40","00:00:40:06:66:cc","45:00:00:28:00:01",,,,,,,,,,,,,
"13.909921000","40","00:00:40:06:66:cc","45:00:00:28:00:01",,,,,,,,,,,,,
"13.909922000","40","00:00:40:06:66:cc","45:00:00:28:00:01",,,,,,,,,,,,,
"13.909922000","40","00:00:40:06:66:cc","45:00:00:28:00:01",,,,,,,,,,,,,
"13.909923000","40","00:00:40:06:66:cc","45:00:00:28:00:01",,,,,,,,,,,,,
"13.909923000","40","00:00:40:06:66:cc","45:00:00:28:00:01",,,,,,,,,,,,,
"13.909924000","40","00:00:40:06:66:cc","45:00:00:28:00:01",,,,,,,,,,,,,
"13.909924000","40","00:00:40:06:66:cc","45:00:00:28:00:01",,,,,,,,,,,,,
"13.909925000","40","00:00:40:06:66:cc","45:00:00:28:00:01",,,,,,,,,,,,,
"13.909925000","40","00:00:40:06:66:cc","45:00:00:28:00:01",,,,,,,,,,,,,
"13.909926000","40","00:00:40:06:66:cc","45:00:00:28:00:01",,,,,,,,,,,,,
"13.909926000","40","00:00:40:06:66:cc","45:00:00:28:00:01",,,,,,,,,,,,,
"13.912697000","40","00:00:40:06:66:cc","45:00:00:28:00:01",,,,,,,,,,,,,
"13.912740000","40","00:00:40:06:66:cc","45:00:00:28:00:01",,,,,,,,,,,,,
"13.912741000","40","00:00:40:06:66:cc","45:00:00:28:00:01",,,,,,,,,,,,,
"13.912742000","40","00:00:40:06:66:cc","45:00:00:28:00:01",,,,,,,,,,,,,
"13.912742000","40","00:00:40:06:66:cc","45:00:00:28:00:01",,,,,,,,,,,,,
"13.912743000","40","00:00:40:06:66:cc","45:00:00:28:00:01",,,,,,,,,,,,,
"13.912744000","40","00:00:40:06:66:cc","45:00:00:28:00:01",,,,,,,,,,,,,
"13.912744000","40","00:00:40:06:66:cc","45:00:00:28:00:01",,,,,,,,,,,,,
"13.912745000","40","00:00:40:06:66:cc","45:00:00:28:00:01",,,,,,,,,,,,,
"13.912746000","40","00:00:40:06:66:cc","45:00:00:28:00:01",,,,,,,,,,,,,
"13.912747000","40","00:00:40:06:66:cc","45:00:00:28:00:01",,,,,,,,,,,,,
"13.912748000","40","00:00:40:06:66:cc","45:00:00:28:00:01",,,,,,,,,,,,,
"13.912749000","40","00:00:40:06:66:cc","45:00:00:28:00:01",,,,,,,,,,,,,
"13.912749000","40","00:00:40:06:66:cc","45:00:00:28:00:01",,,,,,,,,,,,,
"13.912750000","40","00:00:40:06:66:cc","45:00:00:28:00:01",,,,,,,,,,,,,
"13.912751000","40","00:00:40:06:66:cc","45:00:00:28:00:01",,,,,,,,,,,,,
"13.912751000","40","00:00:40:06:66:cc","45:00:00:28:00:01",,,,,,,,,,,,,
"13.912752000","40","00:00:40:06:66:cc","45:00:00:28:00:01",,,,,,,,,,,,,
"13.912752000","40","00:00:40:06:66:cc","45:00:00:28:00:01",,,,,,,,,,,,,
"13.912753000","40","00:00:40:06:66:cc","45:00:00:28:00:01",,,,,,,,,,,,,
"13.912753000","40","00:00:40:06:66:cc","45:00:00:28:00:01",,,,,,,,,,,,,
"13.912754000","40","00:00:40:06:66:cc","45:00:00:28:00:01",,,,,,,,,,,,,
"13.912755000","40","00:00:40:06:66:cc","45:00:00:28:00:01",,,,,,,,,,,,,
"13.912755000","40","00:00:40:06:66:cc","45:00:00:28:00:01",,,,,,,,,,,,,
"13.912756000","40","00:00:40:06:66:cc","45:00:00:28:00:01",,,,,,,,,,,,,
"13.912756000","40","00:00:40:06:66:cc","45:00:00:28:00:01",,,,,,,,,,,,,
"13.912756000","40","00:00:40:06:66:cc","45:00:00:28:00:01",,,,,,,,,,,,,
"13.912757000","40","00:00:40:06:66:cc","45:00:00:28:00:01",,,,,,,,,,,,,
"13.912757000","40","00:00:40:06:66:cc","45:00:00:28:00:01",,,,,,,,,,,,,
"13.912758000","40","00:00:40:06:66:cc","45:00:00:28:00:01",,,,,,,,,,,,,
"13.912758000","40","00:00:40:06:66:cc","45:00:00:28:00:01",,,,,,,,,,,,,
"13.912759000","40","00:00:40:06:66:cc","45:00:00:28:00:01",,,,,,,,,,,,,
"13.912759000","40","00:00:40:06:66:cc","45:00:00:28:00:01",,,,,,,,,,,,,
"13.912760000","40","00:00:40:06:66:cc","45:00:00:28:00:01",,,,,,,,,,,,,
"13.912760000","40","00:00:40:06:66:cc","45:00:00:28:00:01",,,,,,,,,,,,,
"13.912761000","40","00:00:40:06:66:cc","45:00:00:28:00:01",,,,,,,,,,,,,
"13.912761000","40","00:00:40:06:66:cc","45:00:00:28:00:01",,,,,,,,,,,,,
"13.912762000","40","00:00:40:06:66:cc","45:00:00:28:00:01",,,,,,,,,,,,,
"13.912762000","40","00:00:40:06:66:cc","45:00:00:28:00:01",,,,,,,,,,,,,
"13.912763000","40","00:00:40:06:66:cc","45:00:00:28:00:01",,,,,,,,,,,,,
"13.912763000","40","00:00:40:06:66:cc","45:00:00:28:00:01",,,,,,,,,,,,,
"13.912764000","40","00:00:40:06:66:cc","45:00:00:28:00:01",,,,,,,,,,,,,
"13.913014000","40","00:00:40:06:66:cc","45:00:00:28:00:01",,,,,,,,,,,,,
"13.913015000","40","00:00:40:06:66:cc","45:00:00:28:00:01",,,,,,,,,,,,,
"13.913016000","40","00:00:40:06:66:cc","45:00:00:28:00:01",,,,,,,,,,,,,
"13.913016000","40","00:00:40:06:66:cc","45:00:00:28:00:01",,,,,,,,,,,,,
"13.913017000","40","00:00:40:06:66:cc","45:00:00:28:00:01",,,,,,,,,,,,,
"13.913017000","40","00:00:40:06:66:cc","45:00:00:28:00:01",,,,,,,,,,,,,
"13.913017000","40","00:00:40:06:66:cc","45:00:00:28:00:01",,,,,,,,,,,,,
"13.913019000","40","00:00:40:06:66:cc","45:00:00:28:00:01",,,,,,,,,,,,,
"13.913205000","40","00:00:40:06:66:cc","45:00:00:28:00:01",,,,,,,,,,,,,
"13.913207000","40","00:00:40:06:66:cc","45:00:00:28:00:01",,,,,,,,,,,,,
"13.913208000","40","00:00:40:06:66:cc","45:00:00:28:00:01",,,,,,,,,,,,,
"13.913208000","40","00:00:40:06:66:cc","45:00:00:28:00:01",,,,,,,,,,,,,
"13.913209000","40","00:00:40:06:66:cc","45:00:00:28:00:01",,,,,,,,,,,,,
"13.913209000","40","00:00:40:06:66:cc","45:00:00:28:00:01",,,,,,,,,,,,,
"13.913396000","40","00:00:40:06:66:cc","45:00:00:28:00:01",,,,,,,,,,,,,
"13.913398000","40","00:00:40:06:66:cc","45:00:00:28:00:01",,,,,,,,,,,,,
"13.913398000","40","00:00:40:06:66:cc","45:00:00:28:00:01",,,,,,,,,,,,,
"13.913399000","40","00:00:40:06:66:cc","45:00:00:28:00:01",,,,,,,,,,,,,
"13.913399000","40","00:00:40:06:66:cc","45:00:00:28:00:01",,,,,,,,,,,,,
"13.913400000","40","00:00:40:06:66:cc","45:00:00:28:00:01",,,,,,,,,,,,,
"13.913568000","40","00:00:40:06:66:cc","45:00:00:28:00:01",,,,,,,,,,,,,
"13.913570000","40","00:00:40:06:66:cc","45:00:00:28:00:01",,,,,,,,,,,,,
"13.913571000","40","00:00:40:06:66:cc","45:00:00:28:00:01",,,,,,,,,,,,,
"13.913571000","40","00:00:40:06:66:cc","45:00:00:28:00:01",,,,,,,,,,,,,
"13.913571000","40","00:00:40:06:66:cc","45:00:00:28:00:01",,,,,,,,,,,,,
"13.913572000","40","00:00:40:06:66:cc","45:00:00:28:00:01",,,,,,,,,,,,,
"13.914018000","40","00:00:40:06:66:cc","45:00:00:28:00:01",,,,,,,,,,,,,
"13.914019000","40","00:00:40:06:66:cc","45:00:00:28:00:01",,,,,,,,,,,,,
"13.914020000","40","00:00:40:06:66:cc","45:00:00:28:00:01",,,,,,,,,,,,,
"13.914020000","40","00:00:40:06:66:cc","45:00:00:28:00:01",,,,,,,,,,,,,
"13.914020000","40","00:00:40:06:66:cc","45:00:00:28:00:01",,,,,,,,,,,,,
"13.914021000","40","00:00:40:06:66:cc","45:00:00:28:00:01",,,,,,,,,,,,,
"13.914021000","40","00:00:40:06:66:cc","45:00:00:28:00:01",,,,,,,,,,,,,
"13.914021000","40","00:00:40:06:66:cc","45:00:00:28:00:01",,,,,,,,,,,,,
"13.914022000","40","00:00:40:06:66:cc","45:00:00:28:00:01",,,,,,,,,,,,,
"13.914022000","40","00:00:40:06:66:cc","45:00:00:28:00:01",,,,,,,,,,,,,
"13.914023000","40","00:00:40:06:66:cc","45:00:00:28:00:01",,,,,,,,,,,,,
"13.914023000","40","00:00:40:06:66:cc","45:00:00:28:00:01",,,,,,,,,,,,,
"13.914024000","40","00:00:40:06:66:cc","45:00:00:28:00:01",,,,,,,,,,,,,
"13.914024000","40","00:00:40:06:66:cc","45:00:00:28:00:01",,,,,,,,,,,,,
"13.914117000","40","00:00:40:06:66:cc","45:00:00:28:00:01",,,,,,,,,,,,,
"13.914118000","40","00:00:40:06:66:cc","45:00:00:28:00:01",,,,,,,,,,,,,
"13.914118000","40","00:00:40:06:66:cc","45:00:00:28:00:01",,,,,,,,,,,,,
"13.914229000","40","00:00:40:06:66:cc","45:00:00:28:00:01",,,,,,,,,,,,,
"13.914230000","40","00:00:40:06:66:cc","45:00:00:28:00:01",,,,,,,,,,,,,
"13.914231000","40","00:00:40:06:66:cc","45:00:00:28:00:01",,,,,,,,,,,,,
"13.914317000","40","00:00:40:06:66:cc","45:00:00:28:00:01",,,,,,,,,,,,,
"13.914319000","40","00:00:40:06:66:cc","45:00:00:28:00:01",,,,,,,,,,,,,
"13.914319000","40","00:00:40:06:66:cc","45:00:00:28:00:01",,,,,,,,,,,,,
"13.914410000","40","00:00:40:06:66:cc","45:00:00:28:00:01",,,,,,,,,,,,,
"13.914411000","40","00:00:40:06:66:cc","45:00:00:28:00:01",,,,,,,,,,,,,
"13.914412000","40","00:00:40:06:66:cc","45:00:00:28:00:01",,,,,,,,,,,,,
"13.914496000","40","00:00:40:06:66:cc","45:00:00:28:00:01",,,,,,,,,,,,,
"13.914497000","40","00:00:40:06:66:cc","45:00:00:28:00:01",,,,,,,,,,,,,
"13.914586000","40","00:00:40:06:66:cc","45:00:00:28:00:01",,,,,,,,,,,,,
"13.914587000","40","00:00:40:06:66:cc","45:00:00:28:00:01",,,,,,,,,,,,,
"13.914587000","40","00:00:40:06:66:cc","45:00:00:28:00:01",,,,,,,,,,,,,
"13.914671000","40","00:00:40:06:66:cc","45:00:00:28:00:01",,,,,,,,,,,,,
"13.914672000","40","00:00:40:06:66:cc","45:00:00:28:00:01",,,,,,,,,,,,,
"13.914673000","40","00:00:40:06:66:cc","45:00:00:28:00:01",,,,,,,,,,,,,
"13.914760000","40","00:00:40:06:66:cc","45:00:00:28:00:01",,,,,,,,,,,,,
"13.914761000","40","00:00:40:06:66:cc","45:00:00:28:00:01",,,,,,,,,,,,,
"13.914761000","40","00:00:40:06:66:cc","45:00:00:28:00:01",,,,,,,,,,,,,
"13.915029000","40","00:00:40:06:66:cc","45:00:00:28:00:01",,,,,,,,,,,,,
"13.915031000","40","00:00:40:06:66:cc","45:00:00:28:00:01",,,,,,,,,,,,,
"13.915031000","40","00:00:40:06:66:cc","45:00:00:28:00:01",,,,,,,,,,,,,
"13.915031000","40","00:00:40:06:66:cc","45:00:00:28:00:01",,,,,,,,,,,,,
"13.915032000","40","00:00:40:06:66:cc","45:00:00:28:00:01",,,,,,,,,,,,,
"13.915032000","40","00:00:40:06:66:cc","45:00:00:28:00:01",,,,,,,,,,,,,
"13.915032000","40","00:00:40:06:66:cc","45:00:00:28:00:01",,,,,,,,,,,,,
"13.915033000","40","00:00:40:06:66:cc","45:00:00:28:00:01",,,,,,,,,,,,,
"13.919087000","40","00:00:40:06:66:cc","45:00:00:28:00:01",,,,,,,,,,,,,
"13.919089000","40","00:00:40:06:66:cc","45:00:00:28:00:01",,,,,,,,,,,,,
"13.919090000","40","00:00:40:06:66:cc","45:00:00:28:00:01",,,,,,,,,,,,,
"13.919091000","40","00:00:40:06:66:cc","45:00:00:28:00:01",,,,,,,,,,,,,
"13.919091000","40","00:00:40:06:66:cc","45:00:00:28:00:01",,,,,,,,,,,,,
"13.919092000","40","00:00:40:06:66:cc","45:00:00:28:00:01",,,,,,,,,,,,,
"13.919092000","40","00:00:40:06:66:cc","45:00:00:28:00:01",,,,,,,,,,,,,
"13.919093000","40","00:00:40:06:66:cc","45:00:00:28:00:01",,,,,,,,,,,,,
"13.919093000","40","00:00:40:06:66:cc","45:00:00:28:00:01",,,,,,,,,,,,,
"13.919094000","40","00:00:40:06:66:cc","45:00:00:28:00:01",,,,,,,,,,,,,
"13.919095000","40","00:00:40:06:66:cc","45:00:00:28:00:01",,,,,,,,,,,,,
"13.919095000","40","00:00:40:06:66:cc","45:00:00:28:00:01",,,,,,,,,,,,,
"13.919095000","40","00:00:40:06:66:cc","45:00:00:28:00:01",,,,,,,,,,,,,
"13.919096000","40","00:00:40:06:66:cc","45:00:00:28:00:01",,,,,,,,,,,,,
"13.919096000","40","00:00:40:06:66:cc","45:00:00:28:00:01",,,,,,,,,,,,,
"13.919097000","40","00:00:40:06:66:cc","45:00:00:28:00:01",,,,,,,,,,,,,
"13.919097000","40","00:00:40:06:66:cc","45:00:00:28:00:01",,,,,,,,,,,,,
"13.919098000","40","00:00:40:06:66:cc","45:00:00:28:00:01",,,,,,,,,,,,,
"13.919098000","40","00:00:40:06:66:cc","45:00:00:28:00:01",,,,,,,,,,,,,
"13.919098000","40","00:00:40:06:66:cc","45:00:00:28:00:01",,,,,,,,,,,,,
"13.919099000","40","00:00:40:06:66:cc","45:00:00:28:00:01",,,,,,,,,,,,,
"13.919099000","40","00:00:40:06:66:cc","45:00:00:28:00:01",,,,,,,,,,,,,
"13.919100000","40","00:00:40:06:66:cc","45:00:00:28:00:01",,,,,,,,,,,,,
"13.919100000","40","00:00:40:06:66:cc","45:00:00:28:00:01",,,,,,,,,,,,,
"13.919101000","40","00:00:40:06:66:cc","45:00:00:28:00:01",,,,,,,,,,,,,
"13.919101000","40","00:00:40:06:66:cc","45:00:00:28:00:01",,,,,,,,,,,,,
"13.919102000","40","00:00:40:06:66:cc","45:00:00:28:00:01",,,,,,,,,,,,,
"13.919102000","40","00:00:40:06:66:cc","45:00:00:28:00:01",,,,,,,,,,,,,
"13.919103000","40","00:00:40:06:66:cc","45:00:00:28:00:01",,,,,,,,,,,,,
"13.919103000","40","00:00:40:06:66:cc","45:00:00:28:00:01",,,,,,,,,,,,,
"13.919103000","40","00:00:40:06:66:cc","45:00:00:28:00:01",,,,,,,,,,,,,
"13.919104000","40","00:00:40:06:66:cc","45:00:00:28:00:01",,,,,,,,,,,,,
"13.919104000","40","00:00:40:06:66:cc","45:00:00:28:00:01",,,,,,,,,,,,,
"13.919105000","40","00:00:40:06:66:cc","45:00:00:28:00:01",,,,,,,,,,,,,
"13.919105000","40","00:00:40:06:66:cc","45:00:00:28:00:01",,,,,,,,,,,,,
"13.919106000","40","00:00:40:06:66:cc","45:00:00:28:00:01",,,,,,,,,,,,,
"13.919106000","40","00:00:40:06:66:cc","45:00:00:28:00:01",,,,,,,,,,,,,
"13.919107000","40","00:00:40:06:66:cc","45:00:00:28:00:01",,,,,,,,,,,,,
"13.919107000","40","00:00:40:06:66:cc","45:00:00:28:00:01",,,,,,,,,,,,,
"13.919108000","40","00:00:40:06:66:cc","45:00:00:28:00:01",,,,,,,,,,,,,
"13.919109000","40","00:00:40:06:66:cc","45:00:00:28:00:01",,,,,,,,,,,,,
"13.919484000","40","00:00:40:06:66:cc","45:00:00:28:00:01",,,,,,,,,,,,,
"13.919485000","40","00:00:40:06:66:cc","45:00:00:28:00:01",,,,,,,,,,,,,
"13.919486000","40","00:00:40:06:66:cc","45:00:00:28:00:01",,,,,,,,,,,,,
"13.919486000","40","00:00:40:06:66:cc","45:00:00:28:00:01",,,,,,,,,,,,,
"13.919487000","40","00:00:40:06:66:cc","45:00:00:28:00:01",,,,,,,,,,,,,
"13.919487000","40","00:00:40:06:66:cc","45:00:00:28:00:01",,,,,,,,,,,,,
"13.919488000","40","00:00:40:06:66:cc","45:00:00:28:00:01",,,,,,,,,,,,,
"13.919488000","40","00:00:40:06:66:cc","45:00:00:28:00:01",,,,,,,,,,,,,
"13.919489000","40","00:00:40:06:66:cc","45:00:00:28:00:01",,,,,,,,,,,,,
"13.919489000","40","00:00:40:06:66:cc","45:00:00:28:00:01",,,,,,,,,,,,,
"13.919489000","40","00:00:40:06:66:cc","45:00:00:28:00:01",,,,,,,,,,,,,
"13.919490000","40","00:00:40:06:66:cc","45:00:00:28:00:01",,,,,,,,,,,,,
"13.920280000","40","00:00:40:06:66:cc","45:00:00:28:00:01",,,,,,,,,,,,,
"13.920281000","40","00:00:40:06:66:cc","45:00:00:28:00:01",,,,,,,,,,,,,
"13.920281000","40","00:00:40:06:66:cc","45:00:00:28:00:01",,,,,,,,,,,,,
"13.920282000","40","00:00:40:06:66:cc","45:00:00:28:00:01",,,,,,,,,,,,,
"13.920282000","40","00:00:40:06:66:cc","45:00:00:28:00:01",,,,,,,,,,,,,
"13.920283000","40","00:00:40:06:66:cc","45:00:00:28:00:01",,,,,,,,,,,,,
"13.920283000","40","00:00:40:06:66:cc","45:00:00:28:00:01",,,,,,,,,,,,,
"13.920284000","40","00:00:40:06:66:cc","45:00:00:28:00:01",,,,,,,,,,,,,
"13.920284000","40","00:00:40:06:66:cc","45:00:00:28:00:01",,,,,,,,,,,,,
"13.920285000","40","00:00:40:06:66:cc","45:00:00:28:00:01",,,,,,,,,,,,,
"13.920286000","40","00:00:40:06:66:cc","45:00:00:28:00:01",,,,,,,,,,,,,
"13.920286000","40","00:00:40:06:66:cc","45:00:00:28:00:01",,,,,,,,,,,,,
"13.920287000","40","00:00:40:06:66:cc","45:00:00:28:00:01",,,,,,,,,,,,,
"13.920287000","40","00:00:40:06:66:cc","45:00:00:28:00:01",,,,,,,,,,,,,
"13.920287000","40","00:00:40:06:66:cc","45:00:00:28:00:01",,,,,,,,,,,,,
"13.920288000","40","00:00:40:06:66:cc","45:00:00:28:00:01",,,,,,,,,,,,,
"13.920288000","40","00:00:40:06:66:cc","45:00:00:28:00:01",,,,,,,,,,,,,
"13.920289000","40","00:00:40:06:66:cc","45:00:00:28:00:01",,,,,,,,,,,,,
"13.920289000","40","00:00:40:06:66:cc","45:00:00:28:00:01",,,,,,,,,,,,,
"13.920290000","40","00:00:40:06:66:cc","45:00:00:28:00:01",,,,,,,,,,,,,
"13.920290000","40","00:00:40:06:66:cc","45:00:00:28:00:01",,,,,,,,,,,,,
"13.920291000","40","00:00:40:06:66:cc","45:00:00:28:00:01",,,,,,,,,,,,,
"13.920291000","40","00:00:40:06:66:cc","45:00:00:28:00:01",,,,,,,,,,,,,
"13.920292000","40","00:00:40:06:66:cc","45:00:00:28:00:01",,,,,,,,,,,,,
"13.920292000","40","00:00:40:06:66:cc","45:00:00:28:00:01",,,,,,,,,,,,,
"13.920548000","40","00:00:40:06:66:cc","45:00:00:28:00:01",,,,,,,,,,,,,
"13.920550000","40","00:00:40:06:66:cc","45:00:00:28:00:01",,,,,,,,,,,,,
"13.920550000","40","00:00:40:06:66:cc","45:00:00:28:00:01",,,,,,,,,,,,,
"13.920551000","40","00:00:40:06:66:cc","45:00:00:28:00:01",,,,,,,,,,,,,
"13.920552000","40","00:00:40:06:66:cc","45:00:00:28:00:01",,,,,,,,,,,,,
"13.920552000","40","00:00:40:06:66:cc","45:00:00:28:00:01",,,,,,,,,,,,,
"13.920553000","40","00:00:40:06:66:cc","45:00:00:28:00:01",,,,,,,,,,,,,
"13.920553000","40","00:00:40:06:66:cc","45:00:00:28:00:01",,,,,,,,,,,,,
"13.920733000","40","00:00:40:06:66:cc","45:00:00:28:00:01",,,,,,,,,,,,,
"13.920735000","40","00:00:40:06:66:cc","45:00:00:28:00:01",,,,,,,,,,,,,
"13.920735000","40","00:00:40:06:66:cc","45:00:00:28:00:01",,,,,,,,,,,,,
"13.920736000","40","00:00:40:06:66:cc","45:00:00:28:00:01",,,,,,,,,,,,,
"13.920736000","40","00:00:40:06:66:cc","45:00:00:28:00:01",,,,,,,,,,,,,
"13.920737000","40","00:00:40:06:66:cc","45:00:00:28:00:01",,,,,,,,,,,,,
"13.920926000","40","00:00:40:06:66:cc","45:00:00:28:00:01",,,,,,,,,,,,,
"13.920928000","40","00:00:40:06:66:cc","45:00:00:28:00:01",,,,,,,,,,,,,
"13.920928000","40","00:00:40:06:66:cc","45:00:00:28:00:01",,,,,,,,,,,,,
"13.920929000","40","00:00:40:06:66:cc","45:00:00:28:00:01",,,,,,,,,,,,,
"13.920929000","40","00:00:40:06:66:cc","45:00:00:28:00:01",,,,,,,,,,,,,
"13.920930000","40","00:00:40:06:66:cc","45:00:00:28:00:01",,,,,,,,,,,,,
"13.921100000","40","00:00:40:06:66:cc","45:00:00:28:00:01",,,,,,,,,,,,,
"13.921102000","40","00:00:40:06:66:cc","45:00:00:28:00:01",,,,,,,,,,,,,
"13.921102000","40","00:00:40:06:66:cc","45:00:00:28:00:01",,,,,,,,,,,,,
"13.921103000","40","00:00:40:06:66:cc","45:00:00:28:00:01",,,,,,,,,,,,,
"13.921103000","40","00:00:40:06:66:cc","45:00:00:28:00:01",,,,,,,,,,,,,
"13.921104000","40","00:00:40:06:66:cc","45:00:00:28:00:01",,,,,,,,,,,,,
"13.921296000","40","00:00:40:06:66:cc","45:00:00:28:00:01",,,,,,,,,,,,,
"13.921298000","40","00:00:40:06:66:cc","45:00:00:28:00:01",,,,,,,,,,,,,
"13.921299000","40","00:00:40:06:66:cc","45:00:00:28:00:01",,,,,,,,,,,,,
"13.921299000","40","00:00:40:06:66:cc","45:00:00:28:00:01",,,,,,,,,,,,,
"13.921300000","40","00:00:40:06:66:cc","45:00:00:28:00:01",,,,,,,,,,,,,
"13.921300000","40","00:00:40:06:66:cc","45:00:00:28:00:01",,,,,,,,,,,,,
"13.921421000","40","00:00:40:06:66:cc","45:00:00:28:00:01",,,,,,,,,,,,,
"13.921422000","40","00:00:40:06:66:cc","45:00:00:28:00:01",,,,,,,,,,,,,
"13.921423000","40","00:00:40:06:66:cc","45:00:00:28:00:01",,,,,,,,,,,,,
"13.921423000","40","00:00:40:06:66:cc","45:00:00:28:00:01",,,,,,,,,,,,,
"13.921522000","40","00:00:40:06:66:cc","45:00:00:28:00:01",,,,,,,,,,,,,
"13.921523000","40","00:00:40:06:66:cc","45:00:00:28:00:01",,,,,,,,,,,,,
"13.921523000","40","00:00:40:06:66:cc","45:00:00:28:00:01",,,,,,,,,,,,,
"13.921610000","40","00:00:40:06:66:cc","45:00:00:28:00:01",,,,,,,,,,,,,
"13.921611000","40","00:00:40:06:66:cc","45:00:00:28:00:01",,,,,,,,,,,,,
"13.921702000","40","00:00:40:06:66:cc","45:00:00:28:00:01",,,,,,,,,,,,,
"13.921703000","40","00:00:40:06:66:cc","45:00:00:28:00:01",,,,,,,,,,,,,
"13.921704000","40","00:00:40:06:66:cc","45:00:00:28:00:01",,,,,,,,,,,,,
"13.921790000","40","00:00:40:06:66:cc","45:00:00:28:00:01",,,,,,,,,,,,,
"13.921791000","40","00:00:40:06:66:cc","45:00:00:28:00:01",,,,,,,,,,,,,
"13.921791000","40","00:00:40:06:66:cc","45:00:00:28:00:01",,,,,,,,,,,,,
"13.921941000","40","00:00:40:06:66:cc","45:00:00:28:00:01",,,,,,,,,,,,,
"13.921956000","40","00:00:40:06:66:cc","45:00:00:28:00:01",,,,,,,,,,,,,
"13.921956000","40","00:00:40:06:66:cc","45:00:00:28:00:01",,,,,,,,,,,,,
"13.921957000","40","00:00:40:06:66:cc","45:00:00:28:00:01",,,,,,,,,,,,,
"13.921957000","40","00:00:40:06:66:cc","45:00:00:28:00:01",,,,,,,,,,,,,
"13.922054000","40","00:00:40:06:66:cc","45:00:00:28:00:01",,,,,,,,,,,,,
"13.922055000","40","00:00:40:06:66:cc","45:00:00:28:00:01",,,,,,,,,,,,,
"13.922056000","40","00:00:40:06:66:cc","45:00:00:28:00:01",,,,,,,,,,,,,
"13.922204000","40","00:00:40:06:66:cc","45:00:00:28:00:01",,,,,,,,,,,,,
"13.922205000","40","00:00:40:06:66:cc","45:00:00:28:00:01",,,,,,,,,,,,,
"13.922206000","40","00:00:40:06:66:cc","45:00:00:28:00:01",,,,,,,,,,,,,
"13.922206000","40","00:00:40:06:66:cc","45:00:00:28:00:01",,,,,,,,,,,,,
"13.922206000","40","00:00:40:06:66:cc","45:00:00:28:00:01",,,,,,,,,,,,,
"13.922436000","40","00:00:40:06:66:cc","45:00:00:28:00:01",,,,,,,,,,,,,
"13.922438000","40","00:00:40:06:66:cc","45:00:00:28:00:01",,,,,,,,,,,,,
"13.922438000","40","00:00:40:06:66:cc","45:00:00:28:00:01",,,,,,,,,,,,,
"13.922439000","40","00:00:40:06:66:cc","45:00:00:28:00:01",,,,,,,,,,,,,
"13.922439000","40","00:00:40:06:66:cc","45:00:00:28:00:01",,,,,,,,,,,,,
"13.922440000","40","00:00:40:06:66:cc","45:00:00:28:00:01",,,,,,,,,,,,,
"13.922441000","40","00:00:40:06:66:cc","45:00:00:28:00:01",,,,,,,,,,,,,
"13.927214000","40","00:00:40:06:66:cc","45:00:00:28:00:01",,,,,,,,,,,,,
"13.927232000","40","00:00:40:06:66:cc","45:00:00:28:00:01",,,,,,,,,,,,,
"13.927233000","40","00:00:40:06:66:cc","45:00:00:28:00:01",,,,,,,,,,,,,
"13.927233000","40","00:00:40:06:66:cc","45:00:00:28:00:01",,,,,,,,,,,,,
"13.927234000","40","00:00:40:06:66:cc","45:00:00:28:00:01",,,,,,,,,,,,,
"13.927234000","40","00:00:40:06:66:cc","45:00:00:28:00:01",,,,,,,,,,,,,
"13.927234000","40","00:00:40:06:66:cc","45:00:00:28:00:01",,,,,,,,,,,,,
"13.927235000","40","00:00:40:06:66:cc","45:00:00:28:00:01",,,,,,,,,,,,,
"13.927235000","40","00:00:40:06:66:cc","45:00:00:28:00:01",,,,,,,,,,,,,
"13.927236000","40","00:00:40:06:66:cc","45:00:00:28:00:01",,,,,,,,,,,,,
"13.927236000","40","00:00:40:06:66:cc","45:00:00:28:00:01",,,,,,,,,,,,,
"13.927236000","40","00:00:40:06:66:cc","45:00:00:28:00:01",,,,,,,,,,,,,
"13.927237000","40","00:00:40:06:66:cc","45:00:00:28:00:01",,,,,,,,,,,,,
"13.927237000","40","00:00:40:06:66:cc","45:00:00:28:00:01",,,,,,,,,,,,,
"13.927238000","40","00:00:40:06:66:cc","45:00:00:28:00:01",,,,,,,,,,,,,
"13.927238000","40","00:00:40:06:66:cc","45:00:00:28:00:01",,,,,,,,,,,,,
"13.927239000","40","00:00:40:06:66:cc","45:00:00:28:00:01",,,,,,,,,,,,,
"13.927239000","40","00:00:40:06:66:cc","45:00:00:28:00:01",,,,,,,,,,,,,
"13.927240000","40","00:00:40:06:66:cc","45:00:00:28:00:01",,,,,,,,,,,,,
"13.927240000","40","00:00:40:06:66:cc","45:00:00:28:00:01",,,,,,,,,,,,,
"13.927240000","40","00:00:40:06:66:cc","45:00:00:28:00:01",,,,,,,,,,,,,
"13.927241000","40","00:00:40:06:66:cc","45:00:00:28:00:01",,,,,,,,,,,,,
"13.927241000","40","00:00:40:06:66:cc","45:00:00:28:00:01",,,,,,,,,,,,,
"13.927242000","40","00:00:40:06:66:cc","45:00:00:28:00:01",,,,,,,,,,,,,
"13.927242000","40","00:00:40:06:66:cc","45:00:00:28:00:01",,,,,,,,,,,,,
"13.927242000","40","00:00:40:06:66:cc","45:00:00:28:00:01",,,,,,,,,,,,,
"13.927243000","40","00:00:40:06:66:cc","45:00:00:28:00:01",,,,,,,,,,,,,
"13.927243000","40","00:00:40:06:66:cc","45:00:00:28:00:01",,,,,,,,,,,,,
"13.927244000","40","00:00:40:06:66:cc","45:00:00:28:00:01",,,,,,,,,,,,,
"13.927244000","40","00:00:40:06:66:cc","45:00:00:28:00:01",,,,,,,,,,,,,
"13.927244000","40","00:00:40:06:66:cc","45:00:00:28:00:01",,,,,,,,,,,,,
"13.927245000","40","00:00:40:06:66:cc","45:00:00:28:00:01",,,,,,,,,,,,,
"13.927245000","40","00:00:40:06:66:cc","45:00:00:28:00:01",,,,,,,,,,,,,
"13.927245000","40","00:00:40:06:66:cc","45:00:00:28:00:01",,,,,,,,,,,,,
"13.927246000","40","00:00:40:06:66:cc","45:00:00:28:00:01",,,,,,,,,,,,,
"13.927246000","40","00:00:40:06:66:cc","45:00:00:28:00:01",,,,,,,,,,,,,
"13.927246000","40","00:00:40:06:66:cc","45:00:00:28:00:01",,,,,,,,,,,,,
"13.927247000","40","00:00:40:06:66:cc","45:00:00:28:00:01",,,,,,,,,,,,,
"13.927247000","40","00:00:40:06:66:cc","45:00:00:28:00:01",,,,,,,,,,,,,
"13.927247000","40","00:00:40:06:66:cc","45:00:00:28:00:01",,,,,,,,,,,,,
"13.927248000","40","00:00:40:06:66:cc","45:00:00:28:00:01",,,,,,,,,,,,,
"13.927248000","40","00:00:40:06:66:cc","45:00:00:28:00:01",,,,,,,,,,,,,
"13.927919000","40","00:00:40:06:66:cc","45:00:00:28:00:01",,,,,,,,,,,,,
"13.927919000","40","00:00:40:06:66:cc","45:00:00:28:00:01",,,,,,,,,,,,,
"13.927920000","40","00:00:40:06:66:cc","45:00:00:28:00:01",,,,,,,,,,,,,
"13.927920000","40","00:00:40:06:66:cc","45:00:00:28:00:01",,,,,,,,,,,,,
"13.927921000","40","00:00:40:06:66:cc","45:00:00:28:00:01",,,,,,,,,,,,,
"13.927921000","40","00:00:40:06:66:cc","45:00:00:28:00:01",,,,,,,,,,,,,
"13.927922000","40","00:00:40:06:66:cc","45:00:00:28:00:01",,,,,,,,,,,,,
"13.927922000","40","00:00:40:06:66:cc","45:00:00:28:00:01",,,,,,,,,,,,,
"13.927923000","40","00:00:40:06:66:cc","45:00:00:28:00:01",,,,,,,,,,,,,
"13.927923000","40","00:00:40:06:66:cc","45:00:00:28:00:01",,,,,,,,,,,,,
"13.927924000","40","00:00:40:06:66:cc","45:00:00:28:00:01",,,,,,,,,,,,,
"13.927924000","40","00:00:40:06:66:cc","45:00:00:28:00:01",,,,,,,,,,,,,
"13.927925000","40","00:00:40:06:66:cc","45:00:00:28:00:01",,,,,,,,,,,,,
"13.927925000","40","00:00:40:06:66:cc","45:00:00:28:00:01",,,,,,,,,,,,,
"13.927926000","40","00:00:40:06:66:cc","45:00:00:28:00:01",,,,,,,,,,,,,
"13.927926000","40","00:00:40:06:66:cc","45:00:00:28:00:01",,,,,,,,,,,,,
"13.927926000","40","00:00:40:06:66:cc","45:00:00:28:00:01",,,,,,,,,,,,,
"13.927927000","40","00:00:40:06:66:cc","45:00:00:28:00:01",,,,,,,,,,,,,
"13.927927000","40","00:00:40:06:66:cc","45:00:00:28:00:01",,,,,,,,,,,,,
"13.927928000","40","00:00:40:06:66:cc","45:00:00:28:00:01",,,,,,,,,,,,,
"13.927928000","40","00:00:40:06:66:cc","45:00:00:28:00:01",,,,,,,,,,,,,
"13.928522000","40","00:00:40:06:66:cc","45:00:00:28:00:01",,,,,,,,,,,,,
"13.928523000","40","00:00:40:06:66:cc","45:00:00:28:00:01",,,,,,,,,,,,,
"13.928523000","40","00:00:40:06:66:cc","45:00:00:28:00:01",,,,,,,,,,,,,
"13.928524000","40","00:00:40:06:66:cc","45:00:00:28:00:01",,,,,,,,,,,,,
"13.928525000","40","00:00:40:06:66:cc","45:00:00:28:00:01",,,,,,,,,,,,,
"13.928525000","40","00:00:40:06:66:cc","45:00:00:28:00:01",,,,,,,,,,,,,
"13.928525000","40","00:00:40:06:66:cc","45:00:00:28:00:01",,,,,,,,,,,,,
"13.928526000","40","00:00:40:06:66:cc","45:00:00:28:00:01",,,,,,,,,,,,,
"13.928526000","40","00:00:40:06:66:cc","45:00:00:28:00:01",,,,,,,,,,,,,
"13.928527000","40","00:00:40:06:66:cc","45:00:00:28:00:01",,,,,,,,,,,,,
"13.928527000","40","00:00:40:06:66:cc","45:00:00:28:00:01",,,,,,,,,,,,,
"13.928528000","40","00:00:40:06:66:cc","45:00:00:28:00:01",,,,,,,,,,,,,
"13.928528000","40","00:00:40:06:66:cc","45:00:00:28:00:01",,,,,,,,,,,,,
"13.928528000","40","00:00:40:06:66:cc","45:00:00:28:00:01",,,,,,,,,,,,,
"13.928529000","40","00:00:40:06:66:cc","45:00:00:28:00:01",,,,,,,,,,,,,
"13.928529000","40","00:00:40:06:66:cc","45:00:00:28:00:01",,,,,,,,,,,,,
"13.928530000","40","00:00:40:06:66:cc","45:00:00:28:00:01",,,,,,,,,,,,,
"13.928530000","40","00:00:40:06:66:cc","45:00:00:28:00:01",,,,,,,,,,,,,
"13.928531000","40","00:00:40:06:66:cc","45:00:00:28:00:01",,,,,,,,,,,,,
"13.928758000","40","00:00:40:06:66:cc","45:00:00:28:00:01",,,,,,,,,,,,,
"13.928759000","40","00:00:40:06:66:cc","45:00:00:28:00:01",,,,,,,,,,,,,
"13.928760000","40","00:00:40:06:66:cc","45:00:00:28:00:01",,,,,,,,,,,,,
"13.928760000","40","00:00:40:06:66:cc","45:00:00:28:00:01",,,,,,,,,,,,,
"13.928760000","40","00:00:40:06:66:cc","45:00:00:28:00:01",,,,,,,,,,,,,
"13.928761000","40","00:00:40:06:66:cc","45:00:00:28:00:01",,,,,,,,,,,,,
"13.928761000","40","00:00:40:06:66:cc","45:00:00:28:00:01",,,,,,,,,,,,,
"13.928855000","40","00:00:40:06:66:cc","45:00:00:28:00:01",,,,,,,,,,,,,
"13.928856000","40","00:00:40:06:66:cc","45:00:00:28:00:01",,,,,,,,,,,,,
"13.928857000","40","00:00:40:06:66:cc","45:00:00:28:00:01",,,,,,,,,,,,,
"13.928953000","40","00:00:40:06:66:cc","45:00:00:28:00:01",,,,,,,,,,,,,
"13.928954000","40","00:00:40:06:66:cc","45:00:00:28:00:01",,,,,,,,,,,,,
"13.928954000","40","00:00:40:06:66:cc","45:00:00:28:00:01",,,,,,,,,,,,,
"13.929038000","40","00:00:40:06:66:cc","45:00:00:28:00:01",,,,,,,,,,,,,
"13.929039000","40","00:00:40:06:66:cc","45:00:00:28:00:01",,,,,,,,,,,,,
"13.929039000","40","00:00:40:06:66:cc","45:00:00:28:00:01",,,,,,,,,,,,,
"13.929129000","40","00:00:40:06:66:cc","45:00:00:28:00:01",,,,,,,,,,,,,
"13.929130000","40","00:00:40:06:66:cc","45:00:00:28:00:01",,,,,,,,,,,,,
"13.929214000","40","00:00:40:06:66:cc","45:00:00:28:00:01",,,,,,,,,,,,,
"13.929215000","40","00:00:40:06:66:cc","45:00:00:28:00:01",,,,,,,,,,,,,
"13.929215000","40","00:00:40:06:66:cc","45:00:00:28:00:01",,,,,,,,,,,,,
"13.929305000","40","00:00:40:06:66:cc","45:00:00:28:00:01",,,,,,,,,,,,,
"13.929306000","40","00:00:40:06:66:cc","45:00:00:28:00:01",,,,,,,,,,,,,
"13.929307000","40","00:00:40:06:66:cc","45:00:00:28:00:01",,,,,,,,,,,,,
"13.929390000","40","00:00:40:06:66:cc","45:00:00:28:00:01",,,,,,,,,,,,,
"13.929391000","40","00:00:40:06:66:cc","45:00:00:28:00:01",,,,,,,,,,,,,
"13.929392000","40","00:00:40:06:66:cc","45:00:00:28:00:01",,,,,,,,,,,,,
"13.932286000","40","00:00:40:06:66:cc","45:00:00:28:00:01",,,,,,,,,,,,,
"13.932287000","40","00:00:40:06:66:cc","45:00:00:28:00:01",,,,,,,,,,,,,
"13.932288000","40","00:00:40:06:66:cc","45:00:00:28:00:01",,,,,,,,,,,,,
"13.932288000","40","00:00:40:06:66:cc","45:00:00:28:00:01",,,,,,,,,,,,,
"13.932289000","40","00:00:40:06:66:cc","45:00:00:28:00:01",,,,,,,,,,,,,
"13.932289000","40","00:00:40:06:66:cc","45:00:00:28:00:01",,,,,,,,,,,,,
"13.932290000","40","00:00:40:06:66:cc","45:00:00:28:00:01",,,,,,,,,,,,,
"13.932291000","40","00:00:40:06:66:cc","45:00:00:28:00:01",,,,,,,,,,,,,
"13.932291000","40","00:00:40:06:66:cc","45:00:00:28:00:01",,,,,,,,,,,,,
"13.932292000","40","00:00:40:06:66:cc","45:00:00:28:00:01",,,,,,,,,,,,,
"13.932292000","40","00:00:40:06:66:cc","45:00:00:28:00:01",,,,,,,,,,,,,
"13.932293000","40","00:00:40:06:66:cc","45:00:00:28:00:01",,,,,,,,,,,,,
"13.932293000","40","00:00:40:06:66:cc","45:00:00:28:00:01",,,,,,,,,,,,,
"13.932294000","40","00:00:40:06:66:cc","45:00:00:28:00:01",,,,,,,,,,,,,
"13.932294000","40","00:00:40:06:66:cc","45:00:00:28:00:01",,,,,,,,,,,,,
"13.932295000","40","00:00:40:06:66:cc","45:00:00:28:00:01",,,,,,,,,,,,,
"13.932295000","40","00:00:40:06:66:cc","45:00:00:28:00:01",,,,,,,,,,,,,
"13.932296000","40","00:00:40:06:66:cc","45:00:00:28:00:01",,,,,,,,,,,,,
"13.932296000","40","00:00:40:06:66:cc","45:00:00:28:00:01",,,,,,,,,,,,,
"13.932296000","40","00:00:40:06:66:cc","45:00:00:28:00:01",,,,,,,,,,,,,
"13.932297000","40","00:00:40:06:66:cc","45:00:00:28:00:01",,,,,,,,,,,,,
"13.932297000","40","00:00:40:06:66:cc","45:00:00:28:00:01",,,,,,,,,,,,,
"13.932298000","40","00:00:40:06:66:cc","45:00:00:28:00:01",,,,,,,,,,,,,
"13.932299000","40","00:00:40:06:66:cc","45:00:00:28:00:01",,,,,,,,,,,,,
"13.932299000","40","00:00:40:06:66:cc","45:00:00:28:00:01",,,,,,,,,,,,,
"13.932299000","40","00:00:40:06:66:cc","45:00:00:28:00:01",,,,,,,,,,,,,
"13.932300000","40","00:00:40:06:66:cc","45:00:00:28:00:01",,,,,,,,,,,,,
"13.932300000","40","00:00:40:06:66:cc","45:00:00:28:00:01",,,,,,,,,,,,,
"13.932301000","40","00:00:40:06:66:cc","45:00:00:28:00:01",,,,,,,,,,,,,
"13.932301000","40","00:00:40:06:66:cc","45:00:00:28:00:01",,,,,,,,,,,,,
"13.932301000","40","00:00:40:06:66:cc","45:00:00:28:00:01",,,,,,,,,,,,,
"13.932302000","40","00:00:40:06:66:cc","45:00:00:28:00:01",,,,,,,,,,,,,
"13.932302000","40","00:00:40:06:66:cc","45:00:00:28:00:01",,,,,,,,,,,,,
"13.932303000","40","00:00:40:06:66:cc","45:00:00:28:00:01",,,,,,,,,,,,,
"13.932303000","40","00:00:40:06:66:cc","45:00:00:28:00:01",,,,,,,,,,,,,
"13.932303000","40","00:00:40:06:66:cc","45:00:00:28:00:01",,,,,,,,,,,,,
"13.932304000","40","00:00:40:06:66:cc","45:00:00:28:00:01",,,,,,,,,,,,,
"13.932304000","40","00:00:40:06:66:cc","45:00:00:28:00:01",,,,,,,,,,,,,
"13.932304000","40","00:00:40:06:66:cc","45:00:00:28:00:01",,,,,,,,,,,,,
"13.932305000","40","00:00:40:06:66:cc","45:00:00:28:00:01",,,,,,,,,,,,,
"13.932305000","40","00:00:40:06:66:cc","45:00:00:28:00:01",,,,,,,,,,,,,
"13.932507000","40","00:00:40:06:66:cc","45:00:00:28:00:01",,,,,,,,,,,,,
"13.932508000","40","00:00:40:06:66:cc","45:00:00:28:00:01",,,,,,,,,,,,,
"13.932508000","40","00:00:40:06:66:cc","45:00:00:28:00:01",,,,,,,,,,,,,
"13.932509000","40","00:00:40:06:66:cc","45:00:00:28:00:01",,,,,,,,,,,,,
"13.932509000","40","00:00:40:06:66:cc","45:00:00:28:00:01",,,,,,,,,,,,,
"13.932510000","40","00:00:40:06:66:cc","45:00:00:28:00:01",,,,,,,,,,,,,
"13.932510000","40","00:00:40:06:66:cc","45:00:00:28:00:01",,,,,,,,,,,,,
"13.932869000","40","00:00:40:06:66:cc","45:00:00:28:00:01",,,,,,,,,,,,,
"13.932871000","40","00:00:40:06:66:cc","45:00:00:28:00:01",,,,,,,,,,,,,
"13.932871000","40","00:00:40:06:66:cc","45:00:00:28:00:01",,,,,,,,,,,,,
"13.932872000","40","00:00:40:06:66:cc","45:00:00:28:00:01",,,,,,,,,,,,,
"13.932872000","40","00:00:40:06:66:cc","45:00:00:28:00:01",,,,,,,,,,,,,
"13.932873000","40","00:00:40:06:66:cc","45:00:00:28:00:01",,,,,,,,,,,,,
"13.932873000","40","00:00:40:06:66:cc","45:00:00:28:00:01",,,,,,,,,,,,,
"13.932874000","40","00:00:40:06:66:cc","45:00:00:28:00:01",,,,,,,,,,,,,
"13.932875000","40","00:00:40:06:66:cc","45:00:00:28:00:01",,,,,,,,,,,,,
"13.932875000","40","00:00:40:06:66:cc","45:00:00:28:00:01",,,,,,,,,,,,,
"13.932876000","40","00:00:40:06:66:cc","45:00:00:28:00:01",,,,,,,,,,,,,
"13.933112000","40","00:00:40:06:66:cc","45:00:00:28:00:01",,,,,,,,,,,,,
"13.933113000","40","00:00:40:06:66:cc","45:00:00:28:00:01",,,,,,,,,,,,,
"13.933113000","40","00:00:40:06:66:cc","45:00:00:28:00:01",,,,,,,,,,,,,
"13.933113000","40","00:00:40:06:66:cc","45:00:00:28:00:01",,,,,,,,,,,,,
"13.933114000","40","00:00:40:06:66:cc","45:00:00:28:00:01",,,,,,,,,,,,,
"13.933114000","40","00:00:40:06:66:cc","45:00:00:28:00:01",,,,,,,,,,,,,
"13.933115000","40","00:00:40:06:66:cc","45:00:00:28:00:01",,,,,,,,,,,,,
"13.933299000","40","00:00:40:06:66:cc","45:00:00:28:00:01",,,,,,,,,,,,,
"13.933300000","40","00:00:40:06:66:cc","45:00:00:28:00:01",,,,,,,,,,,,,
"13.933300000","40","00:00:40:06:66:cc","45:00:00:28:00:01",,,,,,,,,,,,,
"13.933301000","40","00:00:40:06:66:cc","45:00:00:28:00:01",,,,,,,,,,,,,
"13.933301000","40","00:00:40:06:66:cc","45:00:00:28:00:01",,,,,,,,,,,,,
"13.933302000","40","00:00:40:06:66:cc","45:00:00:28:00:01",,,,,,,,,,,,,
"13.933482000","40","00:00:40:06:66:cc","45:00:00:28:00:01",,,,,,,,,,,,,
"13.933483000","40","00:00:40:06:66:cc","45:00:00:28:00:01",,,,,,,,,,,,,
"13.933483000","40","00:00:40:06:66:cc","45:00:00:28:00:01",,,,,,,,,,,,,
"13.933484000","40","00:00:40:06:66:cc","45:00:00:28:00:01",,,,,,,,,,,,,
"13.933485000","40","00:00:40:06:66:cc","45:00:00:28:00:01",,,,,,,,,,,,,
"13.933485000","40","00:00:40:06:66:cc","45:00:00:28:00:01",,,,,,,,,,,,,
"13.933917000","40","00:00:40:06:66:cc","45:00:00:28:00:01",,,,,,,,,,,,,
"13.933919000","40","00:00:40:06:66:cc","45:00:00:28:00:01",,,,,,,,,,,,,
"13.933919000","40","00:00:40:06:66:cc","45:00:00:28:00:01",,,,,,,,,,,,,
"13.933920000","40","00:00:40:06:66:cc","45:00:00:28:00:01",,,,,,,,,,,,,
"13.933920000","40","00:00:40:06:66:cc","45:00:00:28:00:01",,,,,,,,,,,,,
"13.933920000","40","00:00:40:06:66:cc","45:00:00:28:00:01",,,,,,,,,,,,,
"13.933921000","40","00:00:40:06:66:cc","45:00:00:28:00:01",,,,,,,,,,,,,
"13.933922000","40","00:00:40:06:66:cc","45:00:00:28:00:01",,,,,,,,,,,,,
"13.933922000","40","00:00:40:06:66:cc","45:00:00:28:00:01",,,,,,,,,,,,,
"13.933922000","40","00:00:40:06:66:cc","45:00:00:28:00:01",,,,,,,,,,,,,
"13.933923000","40","00:00:40:06:66:cc","45:00:00:28:00:01",,,,,,,,,,,,,
"13.933924000","40","00:00:40:06:66:cc","45:00:00:28:00:01",,,,,,,,,,,,,
"13.933924000","40","00:00:40:06:66:cc","45:00:00:28:00:01",,,,,,,,,,,,,
"13.933924000","40","00:00:40:06:66:cc","45:00:00:28:00:01",,,,,,,,,,,,,
"13.934494000","40","00:00:40:06:66:cc","45:00:00:28:00:01",,,,,,,,,,,,,
"13.934495000","40","00:00:40:06:66:cc","45:00:00:28:00:01",,,,,,,,,,,,,
"13.934495000","40","00:00:40:06:66:cc","45:00:00:28:00:01",,,,,,,,,,,,,
"13.934496000","40","00:00:40:06:66:cc","45:00:00:28:00:01",,,,,,,,,,,,,
"13.934496000","40","00:00:40:06:66:cc","45:00:00:28:00:01",,,,,,,,,,,,,
"13.934497000","40","00:00:40:06:66:cc","45:00:00:28:00:01",,,,,,,,,,,,,
"13.934497000","40","00:00:40:06:66:cc","45:00:00:28:00:01",,,,,,,,,,,,,
"13.934497000","40","00:00:40:06:66:cc","45:00:00:28:00:01",,,,,,,,,,,,,
"13.934498000","40","00:00:40:06:66:cc","45:00:00:28:00:01",,,,,,,,,,,,,
"13.934498000","40","00:00:40:06:66:cc","45:00:00:28:00:01",,,,,,,,,,,,,
"13.934499000","40","00:00:40:06:66:cc","45:00:00:28:00:01",,,,,,,,,,,,,
"13.934499000","40","00:00:40:06:66:cc","45:00:00:28:00:01",,,,,,,,,,,,,
"13.934500000","40","00:00:40:06:66:cc","45:00:00:28:00:01",,,,,,,,,,,,,
"13.934500000","40","00:00:40:06:66:cc","45:00:00:28:00:01",,,,,,,,,,,,,
"13.934501000","40","00:00:40:06:66:cc","45:00:00:28:00:01",,,,,,,,,,,,,
"13.934501000","40","00:00:40:06:66:cc","45:00:00:28:00:01",,,,,,,,,,,,,
"13.934502000","40","00:00:40:06:66:cc","45:00:00:28:00:01",,,,,,,,,,,,,
"13.934502000","40","00:00:40:06:66:cc","45:00:00:28:00:01",,,,,,,,,,,,,
"13.934947000","40","00:00:40:06:66:cc","45:00:00:28:00:01",,,,,,,,,,,,,
"13.934948000","40","00:00:40:06:66:cc","45:00:00:28:00:01",,,,,,,,,,,,,
"13.934949000","40","00:00:40:06:66:cc","45:00:00:28:00:01",,,,,,,,,,,,,
"13.934950000","40","00:00:40:06:66:cc","45:00:00:28:00:01",,,,,,,,,,,,,
"13.934950000","40","00:00:40:06:66:cc","45:00:00:28:00:01",,,,,,,,,,,,,
"13.934951000","40","00:00:40:06:66:cc","45:00:00:28:00:01",,,,,,,,,,,,,
"13.934951000","40","00:00:40:06:66:cc","45:00:00:28:00:01",,,,,,,,,,,,,
"13.934951000","40","00:00:40:06:66:cc","45:00:00:28:00:01",,,,,,,,,,,,,
"13.934952000","40","00:00:40:06:66:cc","45:00:00:28:00:01",,,,,,,,,,,,,
"13.934953000","40","00:00:40:06:66:cc","45:00:00:28:00:01",,,,,,,,,,,,,
"13.934953000","40","00:00:40:06:66:cc","45:00:00:28:00:01",,,,,,,,,,,,,
"13.934954000","40","00:00:40:06:66:cc","45:00:00:28:00:01",,,,,,,,,,,,,
"13.934955000","40","00:00:40:06:66:cc","45:00:00:28:00:01",,,,,,,,,,,,,
"13.934955000","40","00:00:40:06:66:cc","45:00:00:28:00:01",,,,,,,,,,,,,
"13.937315000","40","00:00:40:06:66:cc","45:00:00:28:00:01",,,,,,,,,,,,,
"13.937317000","40","00:00:40:06:66:cc","45:00:00:28:00:01",,,,,,,,,,,,,
"13.937318000","40","00:00:40:06:66:cc","45:00:00:28:00:01",,,,,,,,,,,,,
"13.937319000","40","00:00:40:06:66:cc","45:00:00:28:00:01",,,,,,,,,,,,,
"13.937320000","40","00:00:40:06:66:cc","45:00:00:28:00:01",,,,,,,,,,,,,
"13.937321000","40","00:00:40:06:66:cc","45:00:00:28:00:01",,,,,,,,,,,,,
"13.937321000","40","00:00:40:06:66:cc","45:00:00:28:00:01",,,,,,,,,,,,,
"13.937322000","40","00:00:40:06:66:cc","45:00:00:28:00:01",,,,,,,,,,,,,
"13.937322000","40","00:00:40:06:66:cc","45:00:00:28:00:01",,,,,,,,,,,,,
"13.937323000","40","00:00:40:06:66:cc","45:00:00:28:00:01",,,,,,,,,,,,,
"13.937324000","40","00:00:40:06:66:cc","45:00:00:28:00:01",,,,,,,,,,,,,
"13.937324000","40","00:00:40:06:66:cc","45:00:00:28:00:01",,,,,,,,,,,,,
"13.937325000","40","00:00:40:06:66:cc","45:00:00:28:00:01",,,,,,,,,,,,,
"13.937325000","40","00:00:40:06:66:cc","45:00:00:28:00:01",,,,,,,,,,,,,
"13.937326000","40","00:00:40:06:66:cc","45:00:00:28:00:01",,,,,,,,,,,,,
"13.937326000","40","00:00:40:06:66:cc","45:00:00:28:00:01",,,,,,,,,,,,,
"13.937327000","40","00:00:40:06:66:cc","45:00:00:28:00:01",,,,,,,,,,,,,
"13.937328000","40","00:00:40:06:66:cc","45:00:00:28:00:01",,,,,,,,,,,,,
"13.937328000","40","00:00:40:06:66:cc","45:00:00:28:00:01",,,,,,,,,,,,,
"13.937329000","40","00:00:40:06:66:cc","45:00:00:28:00:01",,,,,,,,,,,,,
"13.937329000","40","00:00:40:06:66:cc","45:00:00:28:00:01",,,,,,,,,,,,,
"13.937330000","40","00:00:40:06:66:cc","45:00:00:28:00:01",,,,,,,,,,,,,
"13.937330000","40","00:00:40:06:66:cc","45:00:00:28:00:01",,,,,,,,,,,,,
"13.937331000","40","00:00:40:06:66:cc","45:00:00:28:00:01",,,,,,,,,,,,,
"13.937332000","40","00:00:40:06:66:cc","45:00:00:28:00:01",,,,,,,,,,,,,
"13.937332000","40","00:00:40:06:66:cc","45:00:00:28:00:01",,,,,,,,,,,,,
"13.937333000","40","00:00:40:06:66:cc","45:00:00:28:00:01",,,,,,,,,,,,,
"13.937333000","40","00:00:40:06:66:cc","45:00:00:28:00:01",,,,,,,,,,,,,
"13.937334000","40","00:00:40:06:66:cc","45:00:00:28:00:01",,,,,,,,,,,,,
"13.937335000","40","00:00:40:06:66:cc","45:00:00:28:00:01",,,,,,,,,,,,,
"13.937335000","40","00:00:40:06:66:cc","45:00:00:28:00:01",,,,,,,,,,,,,
"13.937336000","40","00:00:40:06:66:cc","45:00:00:28:00:01",,,,,,,,,,,,,
"13.937337000","40","00:00:40:06:66:cc","45:00:00:28:00:01",,,,,,,,,,,,,
"13.937337000","40","00:00:40:06:66:cc","45:00:00:28:00:01",,,,,,,,,,,,,
"13.937338000","40","00:00:40:06:66:cc","45:00:00:28:00:01",,,,,,,,,,,,,
"13.937339000","40","00:00:40:06:66:cc","45:00:00:28:00:01",,,,,,,,,,,,,
"13.937340000","40","00:00:40:06:66:cc","45:00:00:28:00:01",,,,,,,,,,,,,
"13.937340000","40","00:00:40:06:66:cc","45:00:00:28:00:01",,,,,,,,,,,,,
"13.937341000","40","00:00:40:06:66:cc","45:00:00:28:00:01",,,,,,,,,,,,,
"13.937341000","40","00:00:40:06:66:cc","45:00:00:28:00:01",,,,,,,,,,,,,
"13.937342000","40","00:00:40:06:66:cc","45:00:00:28:00:01",,,,,,,,,,,,,
"13.937903000","40","00:00:40:06:66:cc","45:00:00:28:00:01",,,,,,,,,,,,,
"13.937905000","40","00:00:40:06:66:cc","45:00:00:28:00:01",,,,,,,,,,,,,
"13.937905000","40","00:00:40:06:66:cc","45:00:00:28:00:01",,,,,,,,,,,,,
"13.937906000","40","00:00:40:06:66:cc","45:00:00:28:00:01",,,,,,,,,,,,,
"13.937907000","40","00:00:40:06:66:cc","45:00:00:28:00:01",,,,,,,,,,,,,
"13.937908000","40","00:00:40:06:66:cc","45:00:00:28:00:01",,,,,,,,,,,,,
"13.937908000","40","00:00:40:06:66:cc","45:00:00:28:00:01",,,,,,,,,,,,,
"13.937909000","40","00:00:40:06:66:cc","45:00:00:28:00:01",,,,,,,,,,,,,
"13.937909000","40","00:00:40:06:66:cc","45:00:00:28:00:01",,,,,,,,,,,,,
"13.937910000","40","00:00:40:06:66:cc","45:00:00:28:00:01",,,,,,,,,,,,,
"13.937910000","40","00:00:40:06:66:cc","45:00:00:28:00:01",,,,,,,,,,,,,
"13.937911000","40","00:00:40:06:66:cc","45:00:00:28:00:01",,,,,,,,,,,,,
"13.937911000","40","00:00:40:06:66:cc","45:00:00:28:00:01",,,,,,,,,,,,,
"13.937912000","40","00:00:40:06:66:cc","45:00:00:28:00:01",,,,,,,,,,,,,
"13.937912000","40","00:00:40:06:66:cc","45:00:00:28:00:01",,,,,,,,,,,,,
"13.937913000","40","00:00:40:06:66:cc","45:00:00:28:00:01",,,,,,,,,,,,,
"13.937913000","40","00:00:40:06:66:cc","45:00:00:28:00:01",,,,,,,,,,,,,
"13.937914000","40","00:00:40:06:66:cc","45:00:00:28:00:01",,,,,,,,,,,,,
"13.938214000","40","00:00:40:06:66:cc","45:00:00:28:00:01",,,,,,,,,,,,,
"13.938215000","40","00:00:40:06:66:cc","45:00:00:28:00:01",,,,,,,,,,,,,
"13.938216000","40","00:00:40:06:66:cc","45:00:00:28:00:01",,,,,,,,,,,,,
"13.938217000","40","00:00:40:06:66:cc","45:00:00:28:00:01",,,,,,,,,,,,,
"13.938217000","40","00:00:40:06:66:cc","45:00:00:28:00:01",,,,,,,,,,,,,
"13.938218000","40","00:00:40:06:66:cc","45:00:00:28:00:01",,,,,,,,,,,,,
"13.938219000","40","00:00:40:06:66:cc","45:00:00:28:00:01",,,,,,,,,,,,,
"13.938219000","40","00:00:40:06:66:cc","45:00:00:28:00:01",,,,,,,,,,,,,
"13.938220000","40","00:00:40:06:66:cc","45:00:00:28:00:01",,,,,,,,,,,,,
"13.938220000","40","00:00:40:06:66:cc","45:00:00:28:00:01",,,,,,,,,,,,,
"13.938623000","40","00:00:40:06:66:cc","45:00:00:28:00:01",,,,,,,,,,,,,
"13.938625000","40","00:00:40:06:66:cc","45:00:00:28:00:01",,,,,,,,,,,,,
"13.938626000","40","00:00:40:06:66:cc","45:00:00:28:00:01",,,,,,,,,,,,,
"13.938626000","40","00:00:40:06:66:cc","45:00:00:28:00:01",,,,,,,,,,,,,
"13.938627000","40","00:00:40:06:66:cc","45:00:00:28:00:01",,,,,,,,,,,,,
"13.938627000","40","00:00:40:06:66:cc","45:00:00:28:00:01",,,,,,,,,,,,,
"13.938628000","40","00:00:40:06:66:cc","45:00:00:28:00:01",,,,,,,,,,,,,
"13.938628000","40","00:00:40:06:66:cc","45:00:00:28:00:01",,,,,,,,,,,,,
"13.938629000","40","00:00:40:06:66:cc","45:00:00:28:00:01",,,,,,,,,,,,,
"13.938629000","40","00:00:40:06:66:cc","45:00:00:28:00:01",,,,,,,,,,,,,
"13.938630000","40","00:00:40:06:66:cc","45:00:00:28:00:01",,,,,,,,,,,,,
"13.938630000","40","00:00:40:06:66:cc","45:00:00:28:00:01",,,,,,,,,,,,,
"13.938631000","40","00:00:40:06:66:cc","45:00:00:28:00:01",,,,,,,,,,,,,
"13.938994000","40","00:00:40:06:66:cc","45:00:00:28:00:01",,,,,,,,,,,,,
"13.938996000","40","00:00:40:06:66:cc","45:00:00:28:00:01",,,,,,,,,,,,,
"13.938997000","40","00:00:40:06:66:cc","45:00:00:28:00:01",,,,,,,,,,,,,
"13.938998000","40","00:00:40:06:66:cc","45:00:00:28:00:01",,,,,,,,,,,,,
"13.938998000","40","00:00:40:06:66:cc","45:00:00:28:00:01",,,,,,,,,,,,,
"13.938999000","40","00:00:40:06:66:cc","45:00:00:28:00:01",,,,,,,,,,,,,
"13.939000000","40","00:00:40:06:66:cc","45:00:00:28:00:01",,,,,,,,,,,,,
"13.939001000","40","00:00:40:06:66:cc","45:00:00:28:00:01",,,,,,,,,,,,,
"13.939001000","40","00:00:40:06:66:cc","45:00:00:28:00:01",,,,,,,,,,,,,
"13.939002000","40","00:00:40:06:66:cc","45:00:00:28:00:01",,,,,,,,,,,,,
"13.939002000","40","00:00:40:06:66:cc","45:00:00:28:00:01",,,,,,,,,,,,,
"13.939224000","40","00:00:40:06:66:cc","45:00:00:28:00:01",,,,,,,,,,,,,
"13.939225000","40","00:00:40:06:66:cc","45:00:00:28:00:01",,,,,,,,,,,,,
"13.939225000","40","00:00:40:06:66:cc","45:00:00:28:00:01",,,,,,,,,,,,,
"13.939226000","40","00:00:40:06:66:cc","45:00:00:28:00:01",,,,,,,,,,,,,
"13.939227000","40","00:00:40:06:66:cc","45:00:00:28:00:01",,,,,,,,,,,,,
"13.939227000","40","00:00:40:06:66:cc","45:00:00:28:00:01",,,,,,,,,,,,,
"13.939228000","40","00:00:40:06:66:cc","45:00:00:28:00:01",,,,,,,,,,,,,
"13.939763000","40","00:00:40:06:66:cc","45:00:00:28:00:01",,,,,,,,,,,,,
"13.939765000","40","00:00:40:06:66:cc","45:00:00:28:00:01",,,,,,,,,,,,,
"13.939766000","40","00:00:40:06:66:cc","45:00:00:28:00:01",,,,,,,,,,,,,
"13.939767000","40","00:00:40:06:66:cc","45:00:00:28:00:01",,,,,,,,,,,,,
"13.939767000","40","00:00:40:06:66:cc","45:00:00:28:00:01",,,,,,,,,,,,,
"13.939768000","40","00:00:40:06:66:cc","45:00:00:28:00:01",,,,,,,,,,,,,
"13.939769000","40","00:00:40:06:66:cc","45:00:00:28:00:01",,,,,,,,,,,,,
"13.939770000","40","00:00:40:06:66:cc","45:00:00:28:00:01",,,,,,,,,,,,,
"13.939770000","40","00:00:40:06:66:cc","45:00:00:28:00:01",,,,,,,,,,,,,
"13.939771000","40","00:00:40:06:66:cc","45:00:00:28:00:01",,,,,,,,,,,,,
"13.939771000","40","00:00:40:06:66:cc","45:00:00:28:00:01",,,,,,,,,,,,,
"13.939772000","40","00:00:40:06:66:cc","45:00:00:28:00:01",,,,,,,,,,,,,
"13.939772000","40","00:00:40:06:66:cc","45:00:00:28:00:01",,,,,,,,,,,,,
"13.939773000","40","00:00:40:06:66:cc","45:00:00:28:00:01",,,,,,,,,,,,,
"13.939774000","40","00:00:40:06:66:cc","45:00:00:28:00:01",,,,,,,,,,,,,
"13.939774000","40","00:00:40:06:66:cc","45:00:00:28:00:01",,,,,,,,,,,,,
"13.939775000","40","00:00:40:06:66:cc","45:00:00:28:00:01",,,,,,,,,,,,,
"13.942166000","40","00:00:40:06:66:cc","45:00:00:28:00:01",,,,,,,,,,,,,
"13.942168000","40","00:00:40:06:66:cc","45:00:00:28:00:01",,,,,,,,,,,,,
"13.942169000","40","00:00:40:06:66:cc","45:00:00:28:00:01",,,,,,,,,,,,,
"13.942170000","40","00:00:40:06:66:cc","45:00:00:28:00:01",,,,,,,,,,,,,
"13.942170000","40","00:00:40:06:66:cc","45:00:00:28:00:01",,,,,,,,,,,,,
"13.942171000","40","00:00:40:06:66:cc","45:00:00:28:00:01",,,,,,,,,,,,,
"13.942172000","40","00:00:40:06:66:cc","45:00:00:28:00:01",,,,,,,,,,,,,
"13.942172000","40","00:00:40:06:66:cc","45:00:00:28:00:01",,,,,,,,,,,,,
"13.942173000","40","00:00:40:06:66:cc","45:00:00:28:00:01",,,,,,,,,,,,,
"13.942173000","40","00:00:40:06:66:cc","45:00:00:28:00:01",,,,,,,,,,,,,
"13.942174000","40","00:00:40:06:66:cc","45:00:00:28:00:01",,,,,,,,,,,,,
"13.942174000","40","00:00:40:06:66:cc","45:00:00:28:00:01",,,,,,,,,,,,,
"13.942175000","40","00:00:40:06:66:cc","45:00:00:28:00:01",,,,,,,,,,,,,
"13.942176000","40","00:00:40:06:66:cc","45:00:00:28:00:01",,,,,,,,,,,,,
"13.942177000","40","00:00:40:06:66:cc","45:00:00:28:00:01",,,,,,,,,,,,,
"13.942178000","40","00:00:40:06:66:cc","45:00:00:28:00:01",,,,,,,,,,,,,
"13.942178000","40","00:00:40:06:66:cc","45:00:00:28:00:01",,,,,,,,,,,,,
"13.942179000","40","00:00:40:06:66:cc","45:00:00:28:00:01",,,,,,,,,,,,,
"13.942180000","40","00:00:40:06:66:cc","45:00:00:28:00:01",,,,,,,,,,,,,
"13.942180000","40","00:00:40:06:66:cc","45:00:00:28:00:01",,,,,,,,,,,,,
"13.942181000","40","00:00:40:06:66:cc","45:00:00:28:00:01",,,,,,,,,,,,,
"13.942182000","40","00:00:40:06:66:cc","45:00:00:28:00:01",,,,,,,,,,,,,
"13.942182000","40","00:00:40:06:66:cc","45:00:00:28:00:01",,,,,,,,,,,,,
"13.942183000","40","00:00:40:06:66:cc","45:00:00:28:00:01",,,,,,,,,,,,,
"13.942183000","40","00:00:40:06:66:cc","45:00:00:28:00:01",,,,,,,,,,,,,
"13.942184000","40","00:00:40:06:66:cc","45:00:00:28:00:01",,,,,,,,,,,,,
"13.942185000","40","00:00:40:06:66:cc","45:00:00:28:00:01",,,,,,,,,,,,,
"13.942185000","40","00:00:40:06:66:cc","45:00:00:28:00:01",,,,,,,,,,,,,
"13.942186000","40","00:00:40:06:66:cc","45:00:00:28:00:01",,,,,,,,,,,,,
"13.942187000","40","00:00:40:06:66:cc","45:00:00:28:00:01",,,,,,,,,,,,,
"13.942187000","40","00:00:40:06:66:cc","45:00:00:28:00:01",,,,,,,,,,,,,
"13.942188000","40","00:00:40:06:66:cc","45:00:00:28:00:01",,,,,,,,,,,,,
"13.942189000","40","00:00:40:06:66:cc","45:00:00:28:00:01",,,,,,,,,,,,,
"13.942189000","40","00:00:40:06:66:cc","45:00:00:28:00:01",,,,,,,,,,,,,
"13.942190000","40","00:00:40:06:66:cc","45:00:00:28:00:01",,,,,,,,,,,,,
"13.942190000","40","00:00:40:06:66:cc","45:00:00:28:00:01",,,,,,,,,,,,,
"13.942191000","40","00:00:40:06:66:cc","45:00:00:28:00:01",,,,,,,,,,,,,
"13.942192000","40","00:00:40:06:66:cc","45:00:00:28:00:01",,,,,,,,,,,,,
"13.942193000","40","00:00:40:06:66:cc","45:00:00:28:00:01",,,,,,,,,,,,,
"13.942193000","40","00:00:40:06:66:cc","45:00:00:28:00:01",,,,,,,,,,,,,
"13.942194000","40","00:00:40:06:66:cc","45:00:00:28:00:01",,,,,,,,,,,,,
"13.942878000","40","00:00:40:06:66:cc","45:00:00:28:00:01",,,,,,,,,,,,,
"13.942880000","40","00:00:40:06:66:cc","45:00:00:28:00:01",,,,,,,,,,,,,
"13.942881000","40","00:00:40:06:66:cc","45:00:00:28:00:01",,,,,,,,,,,,,
"13.942881000","40","00:00:40:06:66:cc","45:00:00:28:00:01",,,,,,,,,,,,,
"13.942882000","40","00:00:40:06:66:cc","45:00:00:28:00:01",,,,,,,,,,,,,
"13.942882000","40","00:00:40:06:66:cc","45:00:00:28:00:01",,,,,,,,,,,,,
"13.942883000","40","00:00:40:06:66:cc","45:00:00:28:00:01",,,,,,,,,,,,,
"13.942883000","40","00:00:40:06:66:cc","45:00:00:28:00:01",,,,,,,,,,,,,
"13.942884000","40","00:00:40:06:66:cc","45:00:00:28:00:01",,,,,,,,,,,,,
"13.942884000","40","00:00:40:06:66:cc","45:00:00:28:00:01",,,,,,,,,,,,,
"13.942885000","40","00:00:40:06:66:cc","45:00:00:28:00:01",,,,,,,,,,,,,
"13.942885000","40","00:00:40:06:66:cc","45:00:00:28:00:01",,,,,,,,,,,,,
"13.942886000","40","00:00:40:06:66:cc","45:00:00:28:00:01",,,,,,,,,,,,,
"13.942887000","40","00:00:40:06:66:cc","45:00:00:28:00:01",,,,,,,,,,,,,
"13.942887000","40","00:00:40:06:66:cc","45:00:00:28:00:01",,,,,,,,,,,,,
"13.942888000","40","00:00:40:06:66:cc","45:00:00:28:00:01",,,,,,,,,,,,,
"13.942889000","40","00:00:40:06:66:cc","45:00:00:28:00:01",,,,,,,,,,,,,
"13.942889000","40","00:00:40:06:66:cc","45:00:00:28:00:01",,,,,,,,,,,,,
"13.942890000","40","00:00:40:06:66:cc","45:00:00:28:00:01",,,,,,,,,,,,,
"13.942890000","40","00:00:40:06:66:cc","45:00:00:28:00:01",,,,,,,,,,,,,
"13.942891000","40","00:00:40:06:66:cc","45:00:00:28:00:01",,,,,,,,,,,,,
"13.942891000","40","00:00:40:06:66:cc","45:00:00:28:00:01",,,,,,,,,,,,,
"13.943157000","40","00:00:40:06:66:cc","45:00:00:28:00:01",,,,,,,,,,,,,
"13.943158000","40","00:00:40:06:66:cc","45:00:00:28:00:01",,,,,,,,,,,,,
"13.943158000","40","00:00:40:06:66:cc","45:00:00:28:00:01",,,,,,,,,,,,,
"13.943159000","40","00:00:40:06:66:cc","45:00:00:28:00:01",,,,,,,,,,,,,
"13.943159000","40","00:00:40:06:66:cc","45:00:00:28:00:01",,,,,,,,,,,,,
"13.943160000","40","00:00:40:06:66:cc","45:00:00:28:00:01",,,,,,,,,,,,,
"13.943160000","40","00:00:40:06:66:cc","45:00:00:28:00:01",,,,,,,,,,,,,
"13.943161000","40","00:00:40:06:66:cc","45:00:00:28:00:01",,,,,,,,,,,,,
"13.943161000","40","00:00:40:06:66:cc","45:00:00:28:00:01",,,,,,,,,,,,,
"13.943336000","40","00:00:40:06:66:cc","45:00:00:28:00:01",,,,,,,,,,,,,
"13.943338000","40","00:00:40:06:66:cc","45:00:00:28:00:01",,,,,,,,,,,,,
"13.943338000","40","00:00:40:06:66:cc","45:00:00:28:00:01",,,,,,,,,,,,,
"13.943339000","40","00:00:40:06:66:cc","45:00:00:28:00:01",,,,,,,,,,,,,
"13.943339000","40","00:00:40:06:66:cc","45:00:00:28:00:01",,,,,,,,,,,,,
"13.943547000","40","00:00:40:06:66:cc","45:00:00:28:00:01",,,,,,,,,,,,,
"13.943548000","40","00:00:40:06:66:cc","45:00:00:28:00:01",,,,,,,,,,,,,
"13.943548000","40","00:00:40:06:66:cc","45:00:00:28:00:01",,,,,,,,,,,,,
"13.943549000","40","00:00:40:06:66:cc","45:00:00:28:00:01",,,,,,,,,,,,,
"13.943549000","40","00:00:40:06:66:cc","45:00:00:28:00:01",,,,,,,,,,,,,
"13.943550000","40","00:00:40:06:66:cc","45:00:00:28:00:01",,,,,,,,,,,,,
"13.943550000","40","00:00:40:06:66:cc","45:00:00:28:00:01",,,,,,,,,,,,,
"13.943838000","40","00:00:40:06:66:cc","45:00:00:28:00:01",,,,,,,,,,,,,
"13.943840000","40","00:00:40:06:66:cc","45:00:00:28:00:01",,,,,,,,,,,,,
"13.943840000","40","00:00:40:06:66:cc","45:00:00:28:00:01",,,,,,,,,,,,,
"13.943841000","40","00:00:40:06:66:cc","45:00:00:28:00:01",,,,,,,,,,,,,
"13.943841000","40","00:00:40:06:66:cc","45:00:00:28:00:01",,,,,,,,,,,,,
"13.943842000","40","00:00:40:06:66:cc","45:00:00:28:00:01",,,,,,,,,,,,,
"13.943842000","40","00:00:40:06:66:cc","45:00:00:28:00:01",,,,,,,,,,,,,
"13.943843000","40","00:00:40:06:66:cc","45:00:00:28:00:01",,,,,,,,,,,,,
"13.943843000","40","00:00:40:06:66:cc","45:00:00:28:00:01",,,,,,,,,,,,,
"13.944129000","40","00:00:40:06:66:cc","45:00:00:28:00:01",,,,,,,,,,,,,
"13.944130000","40","00:00:40:06:66:cc","45:00:00:28:00:01",,,,,,,,,,,,,
"13.944130000","40","00:00:40:06:66:cc","45:00:00:28:00:01",,,,,,,,,,,,,
"13.944131000","40","00:00:40:06:66:cc","45:00:00:28:00:01",,,,,,,,,,,,,
"13.944132000","40","00:00:40:06:66:cc","45:00:00:28:00:01",,,,,,,,,,,,,
"13.944132000","40","00:00:40:06:66:cc","45:00:00:28:00:01",,,,,,,,,,,,,
"13.944133000","40","00:00:40:06:66:cc","45:00:00:28:00:01",,,,,,,,,,,,,
"13.944133000","40","00:00:40:06:66:cc","45:00:00:28:00:01",,,,,,,,,,,,,
"13.944134000","40","00:00:40:06:66:cc","45:00:00:28:00:01",,,,,,,,,,,,,
"13.948088000","40","00:00:40:06:66:cc","45:00:00:28:00:01",,,,,,,,,,,,,
"13.948111000","40","00:00:40:06:66:cc","45:00:00:28:00:01",,,,,,,,,,,,,
"13.948112000","40","00:00:40:06:66:cc","45:00:00:28:00:01",,,,,,,,,,,,,
"13.948112000","40","00:00:40:06:66:cc","45:00:00:28:00:01",,,,,,,,,,,,,
"13.948113000","40","00:00:40:06:66:cc","45:00:00:28:00:01",,,,,,,,,,,,,
"13.948113000","40","00:00:40:06:66:cc","45:00:00:28:00:01",,,,,,,,,,,,,
"13.948114000","40","00:00:40:06:66:cc","45:00:00:28:00:01",,,,,,,,,,,,,
"13.948114000","40","00:00:40:06:66:cc","45:00:00:28:00:01",,,,,,,,,,,,,
"13.948115000","40","00:00:40:06:66:cc","45:00:00:28:00:01",,,,,,,,,,,,,
"13.948116000","40","00:00:40:06:66:cc","45:00:00:28:00:01",,,,,,,,,,,,,
"13.948116000","40","00:00:40:06:66:cc","45:00:00:28:00:01",,,,,,,,,,,,,
"13.948117000","40","00:00:40:06:66:cc","45:00:00:28:00:01",,,,,,,,,,,,,
"13.948117000","40","00:00:40:06:66:cc","45:00:00:28:00:01",,,,,,,,,,,,,
"13.948118000","40","00:00:40:06:66:cc","45:00:00:28:00:01",,,,,,,,,,,,,
"13.948119000","40","00:00:40:06:66:cc","45:00:00:28:00:01",,,,,,,,,,,,,
"13.948119000","40","00:00:40:06:66:cc","45:00:00:28:00:01",,,,,,,,,,,,,
"13.948120000","40","00:00:40:06:66:cc","45:00:00:28:00:01",,,,,,,,,,,,,
"13.948120000","40","00:00:40:06:66:cc","45:00:00:28:00:01",,,,,,,,,,,,,
"13.948121000","40","00:00:40:06:66:cc","45:00:00:28:00:01",,,,,,,,,,,,,
"13.948121000","40","00:00:40:06:66:cc","45:00:00:28:00:01",,,,,,,,,,,,,
"13.948122000","40","00:00:40:06:66:cc","45:00:00:28:00:01",,,,,,,,,,,,,
"13.948122000","40","00:00:40:06:66:cc","45:00:00:28:00:01",,,,,,,,,,,,,
"13.948123000","40","00:00:40:06:66:cc","45:00:00:28:00:01",,,,,,,,,,,,,
"13.948123000","40","00:00:40:06:66:cc","45:00:00:28:00:01",,,,,,,,,,,,,
"13.948124000","40","00:00:40:06:66:cc","45:00:00:28:00:01",,,,,,,,,,,,,
"13.948124000","40","00:00:40:06:66:cc","45:00:00:28:00:01",,,,,,,,,,,,,
"13.948125000","40","00:00:40:06:66:cc","45:00:00:28:00:01",,,,,,,,,,,,,
"13.948125000","40","00:00:40:06:66:cc","45:00:00:28:00:01",,,,,,,,,,,,,
"13.948125000","40","00:00:40:06:66:cc","45:00:00:28:00:01",,,,,,,,,,,,,
"13.948126000","40","00:00:40:06:66:cc","45:00:00:28:00:01",,,,,,,,,,,,,
"13.948126000","40","00:00:40:06:66:cc","45:00:00:28:00:01",,,,,,,,,,,,,
"13.948127000","40","00:00:40:06:66:cc","45:00:00:28:00:01",,,,,,,,,,,,,
"13.948127000","40","00:00:40:06:66:cc","45:00:00:28:00:01",,,,,,,,,,,,,
"13.948128000","40","00:00:40:06:66:cc","45:00:00:28:00:01",,,,,,,,,,,,,
"13.948128000","40","00:00:40:06:66:cc","45:00:00:28:00:01",,,,,,,,,,,,,
"13.948128000","40","00:00:40:06:66:cc","45:00:00:28:00:01",,,,,,,,,,,,,
"13.948129000","40","00:00:40:06:66:cc","45:00:00:28:00:01",,,,,,,,,,,,,
"13.948129000","40","00:00:40:06:66:cc","45:00:00:28:00:01",,,,,,,,,,,,,
"13.948130000","40","00:00:40:06:66:cc","45:00:00:28:00:01",,,,,,,,,,,,,
"13.948130000","40","00:00:40:06:66:cc","45:00:00:28:00:01",,,,,,,,,,,,,
"13.948131000","40","00:00:40:06:66:cc","45:00:00:28:00:01",,,,,,,,,,,,,
"13.948131000","40","00:00:40:06:66:cc","45:00:00:28:00:01",,,,,,,,,,,,,
"13.948494000","40","00:00:40:06:66:cc","45:00:00:28:00:01",,,,,,,,,,,,,
"13.948495000","40","00:00:40:06:66:cc","45:00:00:28:00:01",,,,,,,,,,,,,
"13.948495000","40","00:00:40:06:66:cc","45:00:00:28:00:01",,,,,,,,,,,,,
"13.948496000","40","00:00:40:06:66:cc","45:00:00:28:00:01",,,,,,,,,,,,,
"13.948496000","40","00:00:40:06:66:cc","45:00:00:28:00:01",,,,,,,,,,,,,
"13.948497000","40","00:00:40:06:66:cc","45:00:00:28:00:01",,,,,,,,,,,,,
"13.948497000","40","00:00:40:06:66:cc","45:00:00:28:00:01",,,,,,,,,,,,,
"13.948498000","40","00:00:40:06:66:cc","45:00:00:28:00:01",,,,,,,,,,,,,
"13.948499000","40","00:00:40:06:66:cc","45:00:00:28:00:01",,,,,,,,,,,,,
"13.948499000","40","00:00:40:06:66:cc","45:00:00:28:00:01",,,,,,,,,,,,,
"13.948500000","40","00:00:40:06:66:cc","45:00:00:28:00:01",,,,,,,,,,,,,
"13.948604000","40","00:00:40:06:66:cc","45:00:00:28:00:01",,,,,,,,,,,,,
"13.948605000","40","00:00:40:06:66:cc","45:00:00:28:00:01",,,,,,,,,,,,,
"13.948606000","40","00:00:40:06:66:cc","45:00:00:28:00:01",,,,,,,,,,,,,
"13.948606000","40","00:00:40:06:66:cc","45:00:00:28:00:01",,,,,,,,,,,,,
"13.948705000","40","00:00:40:06:66:cc","45:00:00:28:00:01",,,,,,,,,,,,,
"13.948706000","40","00:00:40:06:66:cc","45:00:00:28:00:01",,,,,,,,,,,,,
"13.948706000","40","00:00:40:06:66:cc","45:00:00:28:00:01",,,,,,,,,,,,,
"13.948790000","40","00:00:40:06:66:cc","45:00:00:28:00:01",,,,,,,,,,,,,
"13.948791000","40","00:00:40:06:66:cc","45:00:00:28:00:01",,,,,,,,,,,,,
"13.948791000","40","00:00:40:06:66:cc","45:00:00:28:00:01",,,,,,,,,,,,,
"13.948898000","40","00:00:40:06:66:cc","45:00:00:28:00:01",,,,,,,,,,,,,
"13.948899000","40","00:00:40:06:66:cc","45:00:00:28:00:01",,,,,,,,,,,,,
"13.948900000","40","00:00:40:06:66:cc","45:00:00:28:00:01",,,,,,,,,,,,,
"13.949116000","40","00:00:40:06:66:cc","45:00:00:28:00:01",,,,,,,,,,,,,
"13.949118000","40","00:00:40:06:66:cc","45:00:00:28:00:01",,,,,,,,,,,,,
"13.949119000","40","00:00:40:06:66:cc","45:00:00:28:00:01",,,,,,,,,,,,,
"13.949120000","40","00:00:40:06:66:cc","45:00:00:28:00:01",,,,,,,,,,,,,
"13.949120000","40","00:00:40:06:66:cc","45:00:00:28:00:01",,,,,,,,,,,,,
"13.949121000","40","00:00:40:06:66:cc","45:00:00:28:00:01",,,,,,,,,,,,,
"13.949122000","40","00:00:40:06:66:cc","45:00:00:28:00:01",,,,,,,,,,,,,
"13.949405000","40","00:00:40:06:66:cc","45:00:00:28:00:01",,,,,,,,,,,,,
"13.949406000","40","00:00:40:06:66:cc","45:00:00:28:00:01",,,,,,,,,,,,,
"13.949406000","40","00:00:40:06:66:cc","45:00:00:28:00:01",,,,,,,,,,,,,
"13.949407000","40","00:00:40:06:66:cc","45:00:00:28:00:01",,,,,,,,,,,,,
"13.949407000","40","00:00:40:06:66:cc","45:00:00:28:00:01",,,,,,,,,,,,,
"13.949408000","40","00:00:40:06:66:cc","45:00:00:28:00:01",,,,,,,,,,,,,
"13.949409000","40","00:00:40:06:66:cc","45:00:00:28:00:01",,,,,,,,,,,,,
"13.949409000","40","00:00:40:06:66:cc","45:00:00:28:00:01",,,,,,,,,,,,,
"13.949410000","40","00:00:40:06:66:cc","45:00:00:28:00:01",,,,,,,,,,,,,
"13.949582000","40","00:00:40:06:66:cc","45:00:00:28:00:01",,,,,,,,,,,,,
"13.949584000","40","00:00:40:06:66:cc","45:00:00:28:00:01",,,,,,,,,,,,,
"13.949585000","40","00:00:40:06:66:cc","45:00:00:28:00:01",,,,,,,,,,,,,
"13.949585000","40","00:00:40:06:66:cc","45:00:00:28:00:01",,,,,,,,,,,,,
"13.949586000","40","00:00:40:06:66:cc","45:00:00:28:00:01",,,,,,,,,,,,,
"13.949715000","40","00:00:40:06:66:cc","45:00:00:28:00:01",,,,,,,,,,,,,
"13.949716000","40","00:00:40:06:66:cc","45:00:00:28:00:01",,,,,,,,,,,,,
"13.949717000","40","00:00:40:06:66:cc","45:00:00:28:00:01",,,,,,,,,,,,,
"13.949718000","40","00:00:40:06:66:cc","45:00:00:28:00:01",,,,,,,,,,,,,
"13.949936000","40","00:00:40:06:66:cc","45:00:00:28:00:01",,,,,,,,,,,,,
"13.949937000","40","00:00:40:06:66:cc","45:00:00:28:00:01",,,,,,,,,,,,,
"13.949937000","40","00:00:40:06:66:cc","45:00:00:28:00:01",,,,,,,,,,,,,
"13.949938000","40","00:00:40:06:66:cc","45:00:00:28:00:01",,,,,,,,,,,,,
"13.949938000","40","00:00:40:06:66:cc","45:00:00:28:00:01",,,,,,,,,,,,,
"13.949939000","40","00:00:40:06:66:cc","45:00:00:28:00:01",,,,,,,,,,,,,
"13.949939000","40","00:00:40:06:66:cc","45:00:00:28:00:01",,,,,,,,,,,,,
"13.950042000","40","00:00:40:06:66:cc","45:00:00:28:00:01",,,,,,,,,,,,,
"13.950043000","40","00:00:40:06:66:cc","45:00:00:28:00:01",,,,,,,,,,,,,
"13.950043000","40","00:00:40:06:66:cc","45:00:00:28:00:01",,,,,,,,,,,,,
"13.950044000","40","00:00:40:06:66:cc","45:00:00:28:00:01",,,,,,,,,,,,,
"13.950134000","40","00:00:40:06:66:cc","45:00:00:28:00:01",,,,,,,,,,,,,
"13.950135000","40","00:00:40:06:66:cc","45:00:00:28:00:01",,,,,,,,,,,,,
"13.950135000","40","00:00:40:06:66:cc","45:00:00:28:00:01",,,,,,,,,,,,,
"13.953192000","40","00:00:40:06:66:cc","45:00:00:28:00:01",,,,,,,,,,,,,
"13.953194000","40","00:00:40:06:66:cc","45:00:00:28:00:01",,,,,,,,,,,,,
"13.953195000","40","00:00:40:06:66:cc","45:00:00:28:00:01",,,,,,,,,,,,,
"13.953195000","40","00:00:40:06:66:cc","45:00:00:28:00:01",,,,,,,,,,,,,
"13.953197000","40","00:00:40:06:66:cc","45:00:00:28:00:01",,,,,,,,,,,,,
"13.953197000","40","00:00:40:06:66:cc","45:00:00:28:00:01",,,,,,,,,,,,,
"13.953198000","40","00:00:40:06:66:cc","45:00:00:28:00:01",,,,,,,,,,,,,
"13.953199000","40","00:00:40:06:66:cc","45:00:00:28:00:01",,,,,,,,,,,,,
"13.953199000","40","00:00:40:06:66:cc","45:00:00:28:00:01",,,,,,,,,,,,,
"13.953200000","40","00:00:40:06:66:cc","45:00:00:28:00:01",,,,,,,,,,,,,
"13.953201000","40","00:00:40:06:66:cc","45:00:00:28:00:01",,,,,,,,,,,,,
"13.953201000","40","00:00:40:06:66:cc","45:00:00:28:00:01",,,,,,,,,,,,,
"13.953202000","40","00:00:40:06:66:cc","45:00:00:28:00:01",,,,,,,,,,,,,
"13.953203000","40","00:00:40:06:66:cc","45:00:00:28:00:01",,,,,,,,,,,,,
"13.953203000","40","00:00:40:06:66:cc","45:00:00:28:00:01",,,,,,,,,,,,,
"13.953204000","40","00:00:40:06:66:cc","45:00:00:28:00:01",,,,,,,,,,,,,
"13.953205000","40","00:00:40:06:66:cc","45:00:00:28:00:01",,,,,,,,,,,,,
"13.953205000","40","00:00:40:06:66:cc","45:00:00:28:00:01",,,,,,,,,,,,,
"13.953206000","40","00:00:40:06:66:cc","45:00:00:28:00:01",,,,,,,,,,,,,
"13.953206000","40","00:00:40:06:66:cc","45:00:00:28:00:01",,,,,,,,,,,,,
"13.953207000","40","00:00:40:06:66:cc","45:00:00:28:00:01",,,,,,,,,,,,,
"13.953207000","40","00:00:40:06:66:cc","45:00:00:28:00:01",,,,,,,,,,,,,
"13.953208000","40","00:00:40:06:66:cc","45:00:00:28:00:01",,,,,,,,,,,,,
"13.953209000","40","00:00:40:06:66:cc","45:00:00:28:00:01",,,,,,,,,,,,,
"13.953210000","40","00:00:40:06:66:cc","45:00:00:28:00:01",,,,,,,,,,,,,
"13.953211000","40","00:00:40:06:66:cc","45:00:00:28:00:01",,,,,,,,,,,,,
"13.953211000","40","00:00:40:06:66:cc","45:00:00:28:00:01",,,,,,,,,,,,,
"13.953212000","40","00:00:40:06:66:cc","45:00:00:28:00:01",,,,,,,,,,,,,
"13.953213000","40","00:00:40:06:66:cc","45:00:00:28:00:01",,,,,,,,,,,,,
"13.953213000","40","00:00:40:06:66:cc","45:00:00:28:00:01",,,,,,,,,,,,,
"13.953214000","40","00:00:40:06:66:cc","45:00:00:28:00:01",,,,,,,,,,,,,
"13.953214000","40","00:00:40:06:66:cc","45:00:00:28:00:01",,,,,,,,,,,,,
"13.953215000","40","00:00:40:06:66:cc","45:00:00:28:00:01",,,,,,,,,,,,,
"13.953215000","40","00:00:40:06:66:cc","45:00:00:28:00:01",,,,,,,,,,,,,
"13.953216000","40","00:00:40:06:66:cc","45:00:00:28:00:01",,,,,,,,,,,,,
"13.953216000","40","00:00:40:06:66:cc","45:00:00:28:00:01",,,,,,,,,,,,,
"13.953217000","40","00:00:40:06:66:cc","45:00:00:28:00:01",,,,,,,,,,,,,
"13.953218000","40","00:00:40:06:66:cc","45:00:00:28:00:01",,,,,,,,,,,,,
"13.953219000","40","00:00:40:06:66:cc","45:00:00:28:00:01",,,,,,,,,,,,,
"13.953219000","40","00:00:40:06:66:cc","45:00:00:28:00:01",,,,,,,,,,,,,
"13.953220000","40","00:00:40:06:66:cc","45:00:00:28:00:01",,,,,,,,,,,,,
"13.953631000","40","00:00:40:06:66:cc","45:00:00:28:00:01",,,,,,,,,,,,,
"13.953632000","40","00:00:40:06:66:cc","45:00:00:28:00:01",,,,,,,,,,,,,
"13.953632000","40","00:00:40:06:66:cc","45:00:00:28:00:01",,,,,,,,,,,,,
"13.953634000","40","00:00:40:06:66:cc","45:00:00:28:00:01",,,,,,,,,,,,,
"13.953634000","40","00:00:40:06:66:cc","45:00:00:28:00:01",,,,,,,,,,,,,
"13.953635000","40","00:00:40:06:66:cc","45:00:00:28:00:01",,,,,,,,,,,,,
"13.953636000","40","00:00:40:06:66:cc","45:00:00:28:00:01",,,,,,,,,,,,,
"13.953636000","40","00:00:40:06:66:cc","45:00:00:28:00:01",,,,,,,,,,,,,
"13.953637000","40","00:00:40:06:66:cc","45:00:00:28:00:01",,,,,,,,,,,,,
"13.953638000","40","00:00:40:06:66:cc","45:00:00:28:00:01",,,,,,,,,,,,,
"13.953638000","40","00:00:40:06:66:cc","45:00:00:28:00:01",,,,,,,,,,,,,
"13.953639000","40","00:00:40:06:66:cc","45:00:00:28:00:01",,,,,,,,,,,,,
"13.953639000","40","00:00:40:06:66:cc","45:00:00:28:00:01",,,,,,,,,,,,,
"13.953640000","40","00:00:40:06:66:cc","45:00:00:28:00:01",,,,,,,,,,,,,
"13.954172000","40","00:00:40:06:66:cc","45:00:00:28:00:01",,,,,,,,,,,,,
"13.954173000","40","00:00:40:06:66:cc","45:00:00:28:00:01",,,,,,,,,,,,,
"13.954174000","40","00:00:40:06:66:cc","45:00:00:28:00:01",,,,,,,,,,,,,
"13.954175000","40","00:00:40:06:66:cc","45:00:00:28:00:01",,,,,,,,,,,,,
"13.954176000","40","00:00:40:06:66:cc","45:00:00:28:00:01",,,,,,,,,,,,,
"13.954176000","40","00:00:40:06:66:cc","45:00:00:28:00:01",,,,,,,,,,,,,
"13.954177000","40","00:00:40:06:66:cc","45:00:00:28:00:01",,,,,,,,,,,,,
"13.954178000","40","00:00:40:06:66:cc","45:00:00:28:00:01",,,,,,,,,,,,,
"13.954178000","40","00:00:40:06:66:cc","45:00:00:28:00:01",,,,,,,,,,,,,
"13.954179000","40","00:00:40:06:66:cc","45:00:00:28:00:01",,,,,,,,,,,,,
"13.954180000","40","00:00:40:06:66:cc","45:00:00:28:00:01",,,,,,,,,,,,,
"13.954181000","40","00:00:40:06:66:cc","45:00:00:28:00:01",,,,,,,,,,,,,
"13.954181000","40","00:00:40:06:66:cc","45:00:00:28:00:01",,,,,,,,,,,,,
"13.954182000","40","00:00:40:06:66:cc","45:00:00:28:00:01",,,,,,,,,,,,,
"13.954182000","40","00:00:40:06:66:cc","45:00:00:28:00:01",,,,,,,,,,,,,
"13.954183000","40","00:00:40:06:66:cc","45:00:00:28:00:01",,,,,,,,,,,,,
"13.954184000","40","00:00:40:06:66:cc","45:00:00:28:00:01",,,,,,,,,,,,,
"13.954850000","40","00:00:40:06:66:cc","45:00:00:28:00:01",,,,,,,,,,,,,
"13.954851000","40","00:00:40:06:66:cc","45:00:00:28:00:01",,,,,,,,,,,,,
"13.954852000","40","00:00:40:06:66:cc","45:00:00:28:00:01",,,,,,,,,,,,,
"13.954853000","40","00:00:40:06:66:cc","45:00:00:28:00:01",,,,,,,,,,,,,
"13.954853000","40","00:00:40:06:66:cc","45:00:00:28:00:01",,,,,,,,,,,,,
"13.954854000","40","00:00:40:06:66:cc","45:00:00:28:00:01",,,,,,,,,,,,,
"13.954854000","40","00:00:40:06:66:cc","45:00:00:28:00:01",,,,,,,,,,,,,
"13.954855000","40","00:00:40:06:66:cc","45:00:00:28:00:01",,,,,,,,,,,,,
"13.954855000","40","00:00:40:06:66:cc","45:00:00:28:00:01",,,,,,,,,,,,,
"13.954856000","40","00:00:40:06:66:cc","45:00:00:28:00:01",,,,,,,,,,,,,
"13.954856000","40","00:00:40:06:66:cc","45:00:00:28:00:01",,,,,,,,,,,,,
"13.954857000","40","00:00:40:06:66:cc","45:00:00:28:00:01",,,,,,,,,,,,,
"13.954857000","40","00:00:40:06:66:cc","45:00:00:28:00:01",,,,,,,,,,,,,
"13.954858000","40","00:00:40:06:66:cc","45:00:00:28:00:01",,,,,,,,,,,,,
"13.954858000","40","00:00:40:06:66:cc","45:00:00:28:00:01",,,,,,,,,,,,,
"13.954859000","40","00:00:40:06:66:cc","45:00:00:28:00:01",,,,,,,,,,,,,
"13.954860000","40","00:00:40:06:66:cc","45:00:00:28:00:01",,,,,,,,,,,,,
"13.954860000","40","00:00:40:06:66:cc","45:00:00:28:00:01",,,,,,,,,,,,,
"13.954861000","40","00:00:40:06:66:cc","45:00:00:28:00:01",,,,,,,,,,,,,
"13.954861000","40","00:00:40:06:66:cc","45:00:00:28:00:01",,,,,,,,,,,,,
"13.954862000","40","00:00:40:06:66:cc","45:00:00:28:00:01",,,,,,,,,,,,,
"13.955267000","40","00:00:40:06:66:cc","45:00:00:28:00:01",,,,,,,,,,,,,
"13.955268000","40","00:00:40:06:66:cc","45:00:00:28:00:01",,,,,,,,,,,,,
"13.955268000","40","00:00:40:06:66:cc","45:00:00:28:00:01",,,,,,,,,,,,,
"13.955268000","40","00:00:40:06:66:cc","45:00:00:28:00:01",,,,,,,,,,,,,
